fertility.hist,1960,1961,1962,1963,1964,1965,1966,1967,1968,1969,1970,1971,1972,1973,1974,1975,1976,1977,1978,1979,1980,1981,1982,1983,1984,1985,1986,1987,1988,1989,1990,1991,1992,1993,1994,1995,1996,1997,1998,1999,2000,2001,2002,2003,2004,2005,2006,2007,2008,2009,2010,2011,2012,2013,2014,2015,2016
ABW,4.82,4.655,4.471,4.271,4.059,3.842,3.625,3.417,3.226,3.054,2.908,2.788,2.691,2.613,2.552,2.506,2.472,2.446,2.425,2.408,2.392,2.377,2.364,2.353,2.342,2.332,2.32,2.307,2.291,2.272,2.249,2.221,2.187,2.149,2.108,2.064,2.021,1.979,1.94,1.905,1.874,1.848,1.825,1.805,1.786,1.77,1.754,1.741,1.728,1.716,1.704,1.692,1.68,1.669,1.657,1.647,NA
AFG,7.45,7.45,7.45,7.45,7.45,7.45,7.45,7.45,7.45,7.45,7.45,7.45,7.45,7.45,7.45,7.45,7.45,7.449,7.449,7.449,7.449,7.449,7.45,7.452,7.455,7.458,7.46,7.461,7.461,7.461,7.466,7.479,7.502,7.535,7.572,7.606,7.63,7.636,7.617,7.571,7.496,7.395,7.273,7.137,6.987,6.822,6.639,6.437,6.218,5.985,5.746,5.506,5.272,5.05,4.843,4.653,NA
AGO,7.379,7.388,7.396,7.402,7.406,7.408,7.406,7.401,7.394,7.385,7.375,7.367,7.36,7.355,7.352,7.35,7.349,7.347,7.343,7.337,7.329,7.319,7.309,7.299,7.289,7.279,7.268,7.256,7.242,7.226,7.208,7.187,7.164,7.139,7.112,7.083,7.051,7.017,6.981,6.943,6.905,6.866,6.829,6.792,6.755,6.716,6.671,6.619,6.559,6.492,6.416,6.335,6.251,6.165,6.08,5.996,NA
ALB,6.489,6.401,6.282,6.133,5.96,5.773,5.581,5.394,5.218,5.057,4.91,4.775,4.642,4.509,4.373,4.235,4.099,3.966,3.841,3.725,3.621,3.53,3.452,3.383,3.323,3.269,3.217,3.164,3.108,3.046,2.978,2.905,2.829,2.751,2.672,2.591,2.508,2.423,2.337,2.249,2.16,2.068,1.975,1.884,1.798,1.724,1.668,1.635,1.625,1.636,1.663,1.699,1.735,1.765,1.784,1.793,NA
AND,NA,NA,NA,NA,NA,NA,NA,NA,NA,NA,NA,NA,NA,NA,NA,NA,NA,NA,NA,NA,NA,NA,NA,NA,NA,NA,NA,NA,NA,NA,NA,NA,NA,NA,NA,NA,NA,NA,NA,NA,NA,NA,NA,NA,NA,NA,1.24,1.18,1.25,1.19,1.27,NA,NA,NA,NA,NA,NA
ARB,6.920301776,6.941664639,6.9594712,6.971401965,6.975507057,6.970647069,6.95484814,6.929548208,6.89585325,6.854021098,6.806426763,6.75561113,6.705223254,6.656415802,6.610357009,6.567487945,6.526134487,6.483392054,6.436274349,6.383134243,6.321885084,6.252528247,6.174242967,6.087892912,5.992167404,5.886389136,5.766504626,5.634767061,5.492714772,5.342278524,5.199138106,5.041291287,4.904992334,4.741838126,4.582240665,4.41760181,4.274179046,4.139907568,4.015909936,3.903593037,3.804565735,3.718197479,3.644840809,3.583492598,3.533606891,3.495476179,3.469211497,3.454137417,3.448331475,3.448204659,3.449015445,3.446813623,3.43714584,3.417847723,3.387746656,3.347607376,NA
ARE,6.928,6.91,6.893,6.877,6.861,6.841,6.816,6.783,6.738,6.679,6.605,6.512,6.402,6.279,6.146,6.009,5.873,5.744,5.624,5.517,5.423,5.344,5.274,5.209,5.141,5.065,4.973,4.86,4.724,4.566,4.388,4.193,3.989,3.784,3.583,3.393,3.215,3.052,2.902,2.766,2.644,2.532,2.428,2.329,2.236,2.149,2.071,2.004,1.948,1.903,1.868,1.841,1.82,1.801,1.784,1.767,NA
ARG,3.109,3.1,3.089,3.078,3.068,3.058,3.051,3.048,3.049,3.056,3.073,3.104,3.148,3.203,3.264,3.321,3.366,3.391,3.391,3.368,3.325,3.27,3.213,3.163,3.123,3.093,3.073,3.056,3.037,3.016,2.989,2.954,2.913,2.866,2.815,2.762,2.711,2.664,2.623,2.589,2.561,2.537,2.516,2.495,2.474,2.452,2.432,2.413,2.396,2.382,2.37,2.358,2.347,2.335,2.322,2.308,NA
ARM,4.55,4.512,4.435,4.317,4.161,3.979,3.788,3.606,3.447,3.314,3.208,3.118,3.032,2.942,2.846,2.745,2.646,2.555,2.479,2.421,2.385,2.373,2.381,2.406,2.441,2.481,2.519,2.549,2.566,2.565,2.538,2.482,2.399,2.295,2.176,2.053,1.938,1.838,1.762,1.712,1.688,1.687,1.698,1.714,1.729,1.737,1.736,1.726,1.707,1.68,1.648,1.613,1.581,1.553,1.531,1.517,NA
ASM,NA,NA,NA,NA,NA,NA,NA,NA,NA,NA,NA,NA,NA,NA,NA,NA,NA,NA,NA,NA,NA,NA,NA,NA,NA,NA,NA,NA,NA,NA,NA,NA,NA,NA,NA,NA,NA,NA,NA,NA,NA,NA,NA,NA,NA,NA,NA,NA,NA,NA,NA,NA,NA,NA,NA,NA,NA
ATG,4.425,4.386,4.344,4.299,4.25,4.193,4.125,4.042,3.942,3.824,3.684,3.517,3.328,3.122,2.908,2.701,2.514,2.358,2.239,2.159,2.115,2.098,2.096,2.098,2.098,2.092,2.082,2.07,2.062,2.058,2.061,2.073,2.096,2.128,2.166,2.208,2.248,2.281,2.304,2.316,2.316,2.305,2.288,2.268,2.246,2.224,2.203,2.183,2.164,2.146,2.13,2.115,2.102,2.088,2.075,2.063,NA
AUS,3.453,3.54,3.442,3.332,3.146,2.977,2.881,2.848,2.888,2.886,2.859,2.961,2.744,2.491,2.397,2.148,2.06,2.007,1.949,1.907,1.891,1.935,1.929,1.924,1.84,1.923,1.868,1.845,1.831,1.838,1.902,1.849,1.888,1.859,1.842,1.822,1.796,1.778,1.762,1.755,1.756,1.739,1.756,1.748,1.768,1.807,1.908,1.959,1.984,1.971,1.928,1.927,1.921,1.859,1.833,1.833,NA
AUT,2.69,2.78,2.8,2.82,2.79,2.7,2.66,2.62,2.58,2.49,2.29,2.2,2.08,1.94,1.91,1.83,1.69,1.63,1.6,1.6,1.65,1.67,1.66,1.56,1.52,1.47,1.45,1.43,1.45,1.45,1.46,1.51,1.51,1.5,1.47,1.42,1.45,1.39,1.37,1.34,1.36,1.33,1.39,1.38,1.42,1.41,1.41,1.38,1.42,1.39,1.44,1.43,1.44,1.44,1.47,1.47,NA
AZE,5.571,5.596,5.591,5.549,5.468,5.352,5.21,5.056,4.901,4.753,4.612,4.479,4.348,4.216,4.084,3.95,3.814,3.676,3.539,3.407,3.286,3.179,3.092,3.026,2.98,2.91,2.9,2.9026,2.8,2.8,2.74,2.87,2.74,2.7,2.52,2.29,2.06,2.07,2,2.07,2,1.8,1.8,1.9,2.0535,2,1.97,1.97,1.9,1.82,1.92,1.96,2,1.98,1.97,1.97,NA
BDI,6.953,6.998,7.045,7.092,7.138,7.179,7.216,7.247,7.272,7.293,7.311,7.329,7.348,7.37,7.395,7.419,7.439,7.452,7.457,7.455,7.45,7.449,7.454,7.469,7.492,7.52,7.546,7.565,7.572,7.564,7.542,7.508,7.465,7.418,7.368,7.318,7.267,7.217,7.165,7.112,7.057,7,6.939,6.873,6.803,6.729,6.649,6.566,6.48,6.391,6.302,6.212,6.123,6.035,5.948,5.863,NA
BEL,2.54,2.63,2.59,2.68,2.71,2.61,2.52,2.41,2.31,2.27,2.25,2.21,2.09,1.95,1.83,1.74,1.73,1.71,1.69,1.69,1.68,1.66,1.61,1.57,1.54,1.51,1.54,1.54,1.57,1.58,1.62,1.66,1.65,1.61,1.56,1.56,1.59,1.6,1.6,1.62,1.67,1.67,1.65,1.67,1.72,1.76,1.8,1.82,1.85,1.84,1.86,1.81,1.79,1.75,1.74,1.74,NA
BEN,6.282,6.339,6.394,6.447,6.497,6.544,6.588,6.63,6.671,6.71,6.748,6.786,6.823,6.86,6.896,6.929,6.959,6.984,7.004,7.018,7.025,7.025,7.021,7.01,6.994,6.972,6.942,6.904,6.858,6.805,6.744,6.677,6.603,6.526,6.446,6.365,6.284,6.205,6.128,6.051,5.975,5.898,5.818,5.733,5.645,5.553,5.459,5.365,5.272,5.182,5.094,5.009,4.927,4.846,4.766,4.688,NA
BFA,6.291,6.316,6.344,6.377,6.414,6.454,6.493,6.53,6.563,6.593,6.623,6.657,6.697,6.744,6.799,6.859,6.922,6.984,7.041,7.09,7.127,7.152,7.165,7.167,7.159,7.142,7.119,7.092,7.064,7.036,7.007,6.979,6.95,6.917,6.882,6.844,6.801,6.754,6.704,6.65,6.592,6.531,6.468,6.403,6.335,6.265,6.192,6.116,6.036,5.953,5.867,5.78,5.693,5.607,5.521,5.437,NA
BGD,6.725,6.761,6.794,6.825,6.853,6.878,6.901,6.92,6.935,6.945,6.947,6.942,6.928,6.904,6.869,6.821,6.758,6.681,6.59,6.483,6.359,6.217,6.058,5.884,5.698,5.501,5.298,5.092,4.887,4.686,4.494,4.314,4.146,3.99,3.846,3.713,3.592,3.479,3.372,3.269,3.169,3.069,2.971,2.874,2.779,2.687,2.6,2.521,2.449,2.387,2.332,2.286,2.245,2.209,2.175,2.144,NA
BGR,2.31,2.29,2.24,2.21,2.19,2.09,2.03,2.02,2.27,2.27,2.17,2.1,2.03,2.15,2.29,2.23,2.24,2.21,2.15,2.16,2.05,2,2.01,2.01,2.01,1.97,2.02,1.96,1.97,1.9,1.82,1.66,1.55,1.46,1.37,1.23,1.23,1.09,1.11,1.23,1.26,1.21,1.23,1.26,1.33,1.37,1.44,1.49,1.56,1.66,1.57,1.51,1.5,1.48,1.53,1.53,NA
BHR,7.09,7.132,7.168,7.19,7.192,7.165,7.101,6.998,6.86,6.69,6.498,6.293,6.089,5.895,5.716,5.556,5.414,5.283,5.157,5.036,4.917,4.802,4.69,4.581,4.472,4.362,4.248,4.128,4.002,3.872,3.738,3.601,3.466,3.335,3.212,3.1,3.005,2.926,2.862,2.81,2.765,2.718,2.665,2.602,2.529,2.449,2.367,2.292,2.229,2.179,2.142,2.115,2.095,2.075,2.056,2.035,NA
BHS,4.495,4.496,4.45,4.356,4.22,4.057,3.893,3.75,3.641,3.571,3.531,3.504,3.469,3.411,3.33,3.234,3.139,3.062,3.012,2.99,2.989,2.994,2.989,2.965,2.919,2.857,2.789,2.728,2.683,2.654,2.639,2.631,2.621,2.601,2.566,2.514,2.443,2.357,2.263,2.165,2.071,1.989,1.924,1.88,1.857,1.853,1.862,1.877,1.891,1.901,1.904,1.9,1.893,1.883,1.872,1.861,NA
BIH,3.77,3.72,3.665,3.599,3.517,3.422,3.318,3.214,3.115,3.023,2.935,2.845,2.75,2.648,2.542,2.436,2.34,2.259,2.198,2.156,2.13,2.115,2.103,2.086,2.062,2.027,1.982,1.931,1.876,1.82,1.767,1.724,1.692,1.671,1.659,1.648,1.63,1.598,1.55,1.486,1.413,1.342,1.282,1.242,1.221,1.22,1.234,1.253,1.27,1.283,1.288,1.286,1.28,1.272,1.263,1.253,NA
BLR,2.67,2.59,2.5,2.4,2.31,2.27,2.29,2.26,2.22,2.26,2.31,2.31,2.28,2.25,2.21,2.17,2.12,2.08,2.06,2.05,2.03,2.02,2.05,2.11,2.11,2.09,2.09,2.03,2.031,2.026,1.913,1.805,1.764,1.623,1.533,1.406,1.335,1.25,1.3,1.31,1.317,1.286,1.24,1.232,1.233,1.252,1.335,1.429,1.488,1.509,1.494,1.515,1.62,1.668,1.696,1.724,NA
BLZ,6.5,6.48,6.46,6.44,6.42,6.4,6.379,6.358,6.337,6.316,6.299,6.288,6.284,6.285,6.286,6.278,6.25,6.195,6.109,5.992,5.849,5.684,5.51,5.336,5.17,5.019,4.886,4.771,4.671,4.584,4.508,4.436,4.363,4.286,4.201,4.109,4.01,3.908,3.805,3.703,3.6,3.496,3.39,3.282,3.175,3.072,2.977,2.893,2.821,2.762,2.714,2.676,2.643,2.611,2.579,2.546,NA
BMU,NA,NA,NA,NA,NA,NA,NA,NA,NA,NA,NA,NA,NA,NA,NA,NA,NA,NA,NA,NA,NA,NA,NA,NA,NA,NA,NA,NA,NA,NA,NA,NA,NA,NA,NA,1.8,NA,NA,NA,NA,1.74,1.75,1.77,1.8,1.78,1.76,1.76,1.76,1.77,1.76,1.76,1.59,1.59,1.63,1.63,1.62,NA
BOL,6.7,6.668,6.633,6.597,6.559,6.519,6.477,6.432,6.384,6.335,6.284,6.233,6.182,6.132,6.081,6.029,5.975,5.917,5.855,5.787,5.715,5.637,5.556,5.472,5.386,5.3,5.215,5.132,5.051,4.971,4.894,4.817,4.741,4.664,4.585,4.503,4.418,4.331,4.241,4.148,4.055,3.96,3.866,3.773,3.683,3.595,3.51,3.427,3.348,3.271,3.2,3.133,3.073,3.017,2.968,2.923,NA
BRA,6.21,6.19,6.143,6.063,5.953,5.815,5.658,5.491,5.326,5.168,5.024,4.896,4.782,4.679,4.585,4.499,4.418,4.339,4.256,4.169,4.073,3.966,3.848,3.721,3.587,3.449,3.308,3.17,3.039,2.917,2.809,2.717,2.643,2.583,2.537,2.502,2.474,2.451,2.427,2.399,2.364,2.318,2.264,2.202,2.135,2.066,2.002,1.944,1.898,1.863,1.838,1.823,1.812,1.801,1.79,1.778,NA
BRB,4.333,4.313,4.269,4.196,4.094,3.963,3.807,3.637,3.46,3.284,3.113,2.949,2.794,2.648,2.513,2.393,2.288,2.198,2.121,2.057,2.004,1.96,1.922,1.889,1.858,1.83,1.805,1.782,1.765,1.75,1.74,1.733,1.729,1.728,1.729,1.73,1.733,1.736,1.739,1.742,1.744,1.746,1.749,1.752,1.755,1.759,1.763,1.768,1.772,1.777,1.781,1.785,1.788,1.791,1.794,1.796,NA
BRN,6.487,6.487,6.448,6.36,6.227,6.068,5.918,5.804,5.742,5.731,5.751,5.771,5.758,5.687,5.555,5.365,5.132,4.884,4.645,4.429,4.246,4.103,3.992,3.906,3.843,3.794,3.755,3.715,3.668,3.608,3.532,3.438,3.329,3.209,3.08,2.946,2.806,2.664,2.526,2.395,2.278,2.181,2.105,2.049,2.013,1.994,1.986,1.982,1.977,1.968,1.953,1.934,1.913,1.893,1.874,1.856,NA
BTN,6.67,6.67,6.67,6.67,6.67,6.67,6.67,6.67,6.67,6.67,6.671,6.674,6.679,6.685,6.69,6.692,6.685,6.668,6.64,6.601,6.553,6.504,6.456,6.41,6.362,6.306,6.23,6.127,5.994,5.829,5.639,5.431,5.216,5.003,4.796,4.597,4.4,4.203,4.002,3.801,3.604,3.417,3.247,3.095,2.962,2.844,2.738,2.636,2.534,2.431,2.331,2.236,2.152,2.082,2.027,1.984,NA
BWA,6.615,6.632,6.649,6.666,6.681,6.693,6.698,6.696,6.686,6.667,6.641,6.611,6.579,6.546,6.512,6.477,6.44,6.399,6.35,6.291,6.217,6.125,6.012,5.88,5.731,5.567,5.393,5.214,5.036,4.863,4.698,4.542,4.394,4.252,4.117,3.989,3.866,3.746,3.631,3.519,3.413,3.312,3.219,3.134,3.06,2.998,2.952,2.921,2.903,2.895,2.893,2.89,2.881,2.864,2.836,2.799,NA
CAF,5.84,5.867,5.891,5.91,5.925,5.937,5.945,5.95,5.953,5.954,5.954,5.954,5.953,5.952,5.951,5.95,5.951,5.952,5.953,5.954,5.954,5.955,5.956,5.955,5.952,5.944,5.927,5.902,5.868,5.826,5.78,5.734,5.691,5.653,5.622,5.596,5.573,5.55,5.522,5.488,5.446,5.393,5.329,5.257,5.176,5.089,4.996,4.902,4.807,4.714,4.624,4.537,4.451,4.368,4.286,4.206,NA
CAN,3.811,3.753,3.681,3.607,3.456,3.115,2.749,2.528,2.386,2.334,2.258,2.141,1.98,1.89,1.837,1.824,1.796,1.782,1.768,1.754,1.74,1.7,1.69,1.68,1.65,1.67,1.675,1.68,1.68,1.77,1.83,1.7,1.71,1.7,1.6695,1.639,1.592,1.55,1.53,1.51,1.49,1.505,1.52,1.53,1.53,1.54,1.5862,1.6589,1.6808,1.668,1.6269,1.61,1.6142,1.587,1.6,1.6,NA
CEB,2.4989172,2.402685988,2.311377783,2.316326963,2.261526194,2.201755996,2.121921868,2.474139121,2.455869012,2.357573785,2.290315654,2.259771807,2.234154492,2.247349627,2.365320471,2.34024304,2.325470704,2.287386917,2.251095612,2.256698141,2.199590127,2.155649264,2.140881151,2.143711315,2.16432969,2.162229629,2.137645544,2.096853755,2.077602184,2.017716583,1.931019432,1.856239129,1.751461118,1.670989397,1.590166212,1.468868731,1.429212804,1.381732765,1.338472158,1.311527255,1.317697028,1.275726692,1.253509065,1.251069335,1.276482,1.312669617,1.341917279,1.381133313,1.46621365,1.49028349,1.465043183,1.39596396,1.415434129,1.378132132,1.434860589,1.434490062,NA
CHE,2.44,2.52,2.58,2.65,2.66,2.59,2.5,2.39,2.29,2.19,2.1,2.04,1.91,1.81,1.73,1.61,1.55,1.53,1.51,1.52,1.55,1.55,1.56,1.52,1.53,1.52,1.53,1.52,1.57,1.56,1.58,1.58,1.58,1.51,1.49,1.48,1.5,1.48,1.47,1.48,1.5,1.38,1.39,1.39,1.42,1.42,1.44,1.46,1.48,1.5,1.52,1.52,1.52,1.52,1.54,1.54,NA
CHI,2.421,2.481,2.525,2.55,2.551,2.526,2.475,2.404,2.318,2.222,2.121,2.019,1.918,1.822,1.735,1.659,1.596,1.546,1.505,1.475,1.454,1.441,1.434,1.433,1.434,1.437,1.441,1.446,1.452,1.457,1.46,1.461,1.457,1.45,1.441,1.43,1.42,1.411,1.405,1.402,1.402,1.404,1.408,1.411,1.413,1.415,1.417,1.42,1.424,1.43,1.436,1.444,1.451,1.459,1.466,1.473,NA
CHL,5.113,5.066,5.009,4.94,4.859,4.763,4.648,4.514,4.363,4.197,4.021,3.842,3.665,3.496,3.341,3.201,3.08,2.976,2.886,2.81,2.749,2.703,2.67,2.649,2.634,2.622,2.61,2.593,2.57,2.539,2.501,2.456,2.407,2.358,2.311,2.265,2.222,2.181,2.143,2.107,2.073,2.042,2.013,1.986,1.959,1.934,1.91,1.887,1.865,1.844,1.824,1.806,1.789,1.774,1.761,1.749,NA
CHN,5.754,5.904,6.061,6.206,6.32,6.385,6.384,6.317,6.184,5.986,5.725,5.403,5.036,4.644,4.245,3.861,3.51,3.202,2.945,2.747,2.613,2.546,2.533,2.556,2.602,2.65,2.678,2.676,2.634,2.551,2.428,2.276,2.111,1.952,1.806,1.684,1.59,1.522,1.477,1.453,1.447,1.455,1.469,1.486,1.502,1.513,1.521,1.526,1.531,1.535,1.539,1.544,1.549,1.555,1.562,1.569,NA
CIV,7.351,7.427,7.501,7.572,7.639,7.701,7.757,7.806,7.849,7.883,7.908,7.927,7.937,7.94,7.934,7.916,7.882,7.832,7.765,7.683,7.59,7.488,7.383,7.278,7.176,7.078,6.984,6.892,6.801,6.71,6.622,6.536,6.454,6.374,6.298,6.224,6.152,6.08,6.008,5.935,5.861,5.788,5.716,5.645,5.577,5.512,5.45,5.392,5.337,5.283,5.231,5.177,5.121,5.063,5.001,4.937,NA
CMR,5.647,5.705,5.766,5.828,5.89,5.949,6.005,6.058,6.11,6.159,6.205,6.247,6.286,6.322,6.356,6.391,6.429,6.47,6.516,6.563,6.609,6.651,6.683,6.703,6.708,6.697,6.669,6.627,6.572,6.508,6.434,6.352,6.264,6.173,6.08,5.989,5.903,5.823,5.749,5.682,5.621,5.567,5.515,5.464,5.413,5.358,5.299,5.235,5.166,5.093,5.017,4.938,4.859,4.781,4.704,4.63,NA
COD,6.001,6.015,6.03,6.048,6.067,6.089,6.111,6.135,6.161,6.187,6.214,6.242,6.271,6.301,6.333,6.366,6.403,6.443,6.487,6.535,6.585,6.638,6.694,6.75,6.805,6.858,6.907,6.953,6.994,7.029,7.058,7.081,7.099,7.111,7.119,7.122,7.12,7.112,7.099,7.079,7.053,7.018,6.975,6.924,6.865,6.799,6.725,6.646,6.563,6.476,6.386,6.294,6.199,6.103,6.006,5.908,NA
COG,5.88,5.921,5.965,6.008,6.052,6.094,6.136,6.177,6.216,6.253,6.288,6.319,6.347,6.369,6.384,6.389,6.382,6.36,6.324,6.273,6.21,6.134,6.05,5.959,5.866,5.773,5.681,5.59,5.503,5.422,5.349,5.286,5.235,5.194,5.163,5.142,5.128,5.121,5.116,5.113,5.109,5.105,5.101,5.096,5.089,5.081,5.072,5.063,5.052,5.038,5.02,4.994,4.961,4.919,4.869,4.811,NA
COL,6.807,6.801,6.779,6.736,6.668,6.567,6.425,6.246,6.034,5.797,5.548,5.3,5.067,4.857,4.675,4.523,4.396,4.284,4.177,4.071,3.965,3.855,3.744,3.634,3.526,3.42,3.32,3.227,3.142,3.065,2.994,2.927,2.86,2.794,2.727,2.66,2.596,2.535,2.481,2.432,2.389,2.349,2.311,2.274,2.236,2.197,2.157,2.118,2.08,2.044,2.01,1.978,1.948,1.922,1.897,1.875,NA
COM,6.792,6.849,6.897,6.939,6.975,7.004,7.027,7.044,7.055,7.06,7.061,7.06,7.058,7.055,7.052,7.052,7.055,7.061,7.069,7.075,7.078,7.072,7.056,7.026,6.982,6.921,6.842,6.749,6.644,6.531,6.412,6.291,6.171,6.053,5.941,5.835,5.736,5.642,5.552,5.466,5.384,5.307,5.235,5.167,5.103,5.042,4.984,4.927,4.87,4.813,4.755,4.693,4.628,4.56,4.49,4.418,NA
CPV,6.885,6.922,6.953,6.976,6.989,6.993,6.99,6.982,6.97,6.954,6.935,6.913,6.887,6.855,6.818,6.771,6.714,6.645,6.564,6.473,6.375,6.274,6.174,6.075,5.979,5.883,5.784,5.68,5.565,5.441,5.307,5.165,5.018,4.866,4.713,4.554,4.389,4.216,4.036,3.852,3.666,3.484,3.309,3.147,3,2.87,2.759,2.665,2.586,2.52,2.464,2.417,2.376,2.339,2.303,2.268,NA
CRI,6.451,6.405,6.322,6.201,6.044,5.853,5.63,5.383,5.123,4.861,4.611,4.385,4.188,4.026,3.898,3.805,3.741,3.695,3.657,3.622,3.588,3.552,3.517,3.482,3.448,3.411,3.371,3.328,3.281,3.229,3.172,3.11,3.044,2.973,2.899,2.821,2.737,2.649,2.557,2.463,2.373,2.29,2.216,2.155,2.105,2.065,2.034,2.006,1.979,1.951,1.922,1.893,1.866,1.841,1.819,1.8,NA
CSS,5.520343702,5.532619477,5.522837626,5.490905737,5.437897455,5.366048944,5.27541307,5.171295843,5.058923403,4.94229522,4.823492783,4.700030725,4.570988939,4.437141749,4.299457178,4.163310678,4.038198978,3.924212062,3.824004717,3.739156219,3.666244274,3.601016751,3.536717257,3.469553263,3.397275251,3.31913916,3.237617683,3.156257176,3.078613422,3.005174112,2.938173075,2.874486278,2.816400632,2.762285143,2.711345372,2.662063343,2.615386868,2.568954024,2.522983907,2.478103375,2.434870213,2.395021451,2.359028297,2.327136077,2.298720841,2.274002477,2.251730513,2.230071421,2.207950659,2.185188357,2.161554753,2.138737464,2.116783179,2.096067662,2.076746418,2.059411299,NA
CUB,4.182,4.36,4.509,4.606,4.643,4.617,4.54,4.433,4.312,4.18,4.033,3.857,3.646,3.4,3.127,2.844,2.573,2.332,2.134,1.987,1.892,1.843,1.826,1.825,1.832,1.837,1.836,1.826,1.809,1.782,1.75,1.714,1.682,1.657,1.641,1.634,1.633,1.635,1.638,1.641,1.642,1.641,1.64,1.639,1.638,1.637,1.636,1.636,1.636,1.636,1.635,1.632,1.628,1.622,1.615,1.606,NA
CUW,NA,NA,NA,NA,NA,NA,NA,NA,NA,NA,NA,NA,NA,NA,NA,NA,NA,NA,NA,NA,NA,NA,NA,NA,NA,NA,NA,NA,NA,NA,NA,NA,NA,NA,NA,NA,NA,NA,NA,NA,NA,NA,NA,NA,NA,NA,2.1,2,2.2,2.1,2.2,2.1,2.2,2.1,2,1.9,NA
CYM,NA,NA,NA,NA,NA,NA,NA,NA,NA,NA,NA,NA,NA,NA,NA,NA,NA,NA,NA,NA,NA,NA,NA,NA,NA,NA,NA,NA,NA,NA,NA,NA,NA,NA,NA,NA,NA,NA,NA,NA,NA,NA,NA,NA,NA,NA,NA,NA,NA,NA,NA,NA,NA,NA,NA,NA,NA
CYP,3.5,3.471,3.421,3.346,3.249,3.133,3.01,2.889,2.779,2.686,2.61,2.547,2.491,2.44,2.393,2.352,2.323,2.31,2.312,2.328,2.354,2.385,2.415,2.438,2.453,2.458,2.456,2.45,2.442,2.43,2.411,2.381,2.337,2.278,2.206,2.124,2.035,1.945,1.86,1.781,1.714,1.658,1.613,1.577,1.549,1.529,1.514,1.504,1.496,1.489,1.481,1.473,1.464,1.455,1.446,1.438,NA
CZE,2.09,2.11,2.12,2.31,2.34,2.18,2.02,1.91,1.84,1.87,1.92,2,2.09,2.31,2.46,2.43,2.39,2.34,2.33,2.27,2.08,2,2,1.97,1.97,1.95,1.92,1.91,1.94,1.87,1.9,1.86,1.71,1.67,1.44,1.28,1.18,1.17,1.16,1.13,1.15,1.15,1.17,1.18,1.23,1.29,1.34,1.45,1.51,1.51,1.51,1.43,1.45,1.46,1.53,1.53,NA
DEU,2.37,2.45,2.44,2.51,2.54,2.5,2.53,2.48,2.38,2.21,2.03,1.92,1.71,1.54,1.51,1.45,1.45,1.4,1.38,1.38,1.44,1.43,1.41,1.33,1.29,1.37,1.43,1.43,1.46,1.42,1.45,1.33,1.29,1.28,1.24,1.25,1.3,1.35,1.36,1.36,1.38,1.35,1.34,1.34,1.36,1.34,1.33,1.37,1.38,1.36,1.39,1.39,1.41,1.42,1.47,1.5,NA
DJI,6.461,6.493,6.527,6.561,6.595,6.629,6.665,6.702,6.739,6.774,6.804,6.826,6.836,6.834,6.817,6.784,6.734,6.671,6.598,6.52,6.443,6.373,6.316,6.271,6.239,6.218,6.205,6.193,6.174,6.142,6.087,6,5.879,5.727,5.549,5.352,5.15,4.953,4.772,4.611,4.472,4.353,4.244,4.14,4.038,3.938,3.839,3.744,3.653,3.567,3.484,3.406,3.332,3.262,3.195,3.131,NA
DMA,NA,NA,NA,NA,NA,NA,NA,NA,NA,NA,NA,NA,5.5,NA,NA,NA,NA,NA,NA,NA,NA,NA,3.52,NA,NA,NA,NA,3,NA,NA,NA,NA,2.5,NA,NA,NA,NA,1.9,NA,NA,NA,NA,1.9,1.9,NA,NA,NA,NA,NA,NA,NA,NA,NA,NA,NA,NA,NA
DNK,2.57,2.55,2.55,2.67,2.6,2.61,2.62,2.35,2.12,2,1.95,2.04,2.03,1.92,1.9,1.92,1.75,1.66,1.67,1.6,1.55,1.44,1.43,1.38,1.4,1.45,1.48,1.5,1.56,1.62,1.67,1.68,1.76,1.75,1.81,1.8,1.75,1.75,1.72,1.73,1.77,1.74,1.72,1.76,1.78,1.8,1.85,1.84,1.89,1.84,1.87,1.75,1.73,1.67,1.69,1.69,NA
DOM,7.555,7.487,7.404,7.303,7.186,7.053,6.903,6.738,6.561,6.375,6.182,5.983,5.781,5.58,5.382,5.193,5.014,4.847,4.693,4.552,4.422,4.303,4.19,4.082,3.978,3.878,3.783,3.694,3.612,3.537,3.465,3.397,3.329,3.262,3.195,3.13,3.069,3.014,2.966,2.926,2.892,2.862,2.835,2.807,2.779,2.749,2.718,2.687,2.656,2.627,2.597,2.568,2.539,2.51,2.48,2.451,NA
DZA,7.524,7.573,7.614,7.646,7.665,7.675,7.676,7.672,7.666,7.656,7.643,7.624,7.597,7.558,7.505,7.434,7.344,7.234,7.105,6.957,6.794,6.617,6.43,6.237,6.038,5.835,5.627,5.412,5.191,4.962,4.726,4.479,4.223,3.962,3.702,3.448,3.208,2.988,2.796,2.635,2.514,2.438,2.404,2.407,2.441,2.499,2.576,2.661,2.744,2.818,2.873,2.903,2.909,2.893,2.857,2.805,NA
EAP,5.823579903,5.929860852,6.038581002,6.138047322,6.21551881,6.258359749,6.251974657,6.196507395,6.089985641,5.931781775,5.722456489,5.463678636,5.167768033,4.850566401,4.526182305,4.211561234,3.919453117,3.659149173,3.436505535,3.257393636,3.125735597,3.042325055,2.997527482,2.978697426,2.977303578,2.977909518,2.964975811,2.931921776,2.872054446,2.784816251,2.670635297,2.538163758,2.397147304,2.261063618,2.135549693,2.028987709,1.942694251,1.877973469,1.832589396,1.804023569,1.789722111,1.787036282,1.78954532,1.794986071,1.800376388,1.802818503,1.804873078,1.805135919,1.805836547,1.80659319,1.807878857,1.809540741,1.811085053,1.812974985,1.815109671,1.816631255,NA
EAR,6.145609831,6.144133035,6.138387873,6.127760932,6.111537513,6.089430429,6.062044426,6.02938657,5.991801397,5.949000964,5.900475783,5.844662879,5.781690819,5.711651552,5.636113079,5.55693123,5.477142433,5.397632415,5.319837219,5.24395249,5.169329271,5.093724274,5.015382113,4.932427364,4.844496797,4.750558337,4.650019452,4.545946995,4.436754793,4.32675384,4.219392295,4.113376814,4.007335755,3.905507385,3.80818511,3.719013694,3.63110985,3.547995731,3.468353033,3.393471262,3.321368575,3.252432939,3.188099297,3.124772242,3.066537606,3.008593745,2.955538265,2.906728681,2.859482104,2.813406908,2.768891531,2.727082429,2.688097427,2.653061203,2.6190607,2.585282947,NA
EAS,5.394470757,5.471745625,5.547303711,5.623770005,5.683494247,5.723717841,5.654140877,5.655737421,5.583076775,5.449197206,5.275640072,5.064546033,4.801184279,4.530616289,4.236016633,3.941935421,3.676673373,3.448990787,3.247635973,3.09968758,2.983803712,2.906124095,2.866924783,2.846015435,2.838400266,2.836130479,2.820608336,2.789716693,2.737313471,2.654512671,2.553301099,2.438267454,2.313399708,2.186922898,2.077794696,1.97713084,1.898456613,1.836981868,1.793760249,1.765300241,1.755824726,1.747307698,1.746490894,1.750602401,1.75591099,1.756013948,1.763423118,1.768818123,1.770249725,1.769948991,1.773782002,1.776142404,1.780245472,1.779076837,1.781188178,1.785184832,NA
ECA,3.135242665,3.066951787,3.019651921,2.952990221,2.879010942,2.842092026,2.820076693,2.896036779,2.867022095,2.829928981,2.819635573,2.805487371,2.794589271,2.757360963,2.757141542,2.717004843,2.684309629,2.649070546,2.61581679,2.588942365,2.556454362,2.534631286,2.581225933,2.606219564,2.586135802,2.563546232,2.599724987,2.609911766,2.535609274,2.438121983,2.327362793,2.21665806,2.101731165,1.974868186,1.926974107,1.869571961,1.796980981,1.732316907,1.698155587,1.640928198,1.635844144,1.626699546,1.655402088,1.664429308,1.69585619,1.668796303,1.696794917,1.763385788,1.833423157,1.84273155,1.838045874,1.832582211,1.884856762,1.894029541,1.928279339,1.930697022,NA
ECS,2.8351954,2.821223051,2.80022228,2.793652472,2.782209897,2.734114776,2.701169575,2.706742101,2.655282323,2.601178347,2.554398592,2.534810305,2.471417789,2.407180598,2.393519326,2.338303196,2.299929175,2.245744301,2.210649932,2.187703895,2.16127791,2.126942231,2.134334508,2.124437573,2.099705589,2.086966169,2.093582851,2.088599888,2.058784434,1.998288562,1.955157532,1.890517815,1.817943212,1.740120663,1.697068004,1.652791535,1.618867291,1.591060795,1.569428006,1.543355458,1.554919484,1.541021435,1.553991539,1.567795995,1.596676158,1.58785295,1.617623217,1.661934619,1.71922184,1.717220327,1.723473356,1.70781126,1.732697545,1.720444253,1.747403803,1.751831566,NA
ECU,6.721,6.7,6.676,6.646,6.61,6.564,6.507,6.436,6.351,6.252,6.138,6.011,5.873,5.727,5.577,5.426,5.276,5.129,4.988,4.853,4.727,4.611,4.503,4.401,4.305,4.213,4.123,4.034,3.945,3.856,3.767,3.679,3.594,3.514,3.437,3.364,3.294,3.225,3.157,3.09,3.027,2.968,2.914,2.868,2.828,2.793,2.763,2.736,2.71,2.684,2.656,2.628,2.599,2.571,2.542,2.513,NA
EGY,6.63,6.605,6.57,6.526,6.471,6.405,6.326,6.235,6.136,6.033,5.932,5.839,5.761,5.698,5.651,5.621,5.605,5.596,5.588,5.579,5.564,5.546,5.522,5.492,5.45,5.39,5.301,5.182,5.034,4.859,4.663,4.455,4.247,4.048,3.865,3.705,3.571,3.459,3.367,3.293,3.233,3.181,3.133,3.088,3.047,3.016,3.004,3.016,3.055,3.114,3.184,3.253,3.306,3.336,3.338,3.314,NA
EMU,2.601335023,2.633070852,2.638609906,2.679773341,2.733237539,2.679244193,2.660946036,2.619627064,2.557027539,2.48685596,2.392924335,2.344219602,2.235546865,2.13158948,2.09969364,2.023501142,1.982825712,1.908617841,1.853216905,1.801378087,1.774575142,1.726248883,1.697959975,1.638915087,1.601393489,1.590349476,1.579204986,1.557688892,1.562200205,1.529500603,1.534128652,1.48859849,1.467536963,1.43497993,1.397701389,1.382947308,1.395748756,1.414807026,1.415672701,1.431067344,1.470520969,1.456340483,1.459103322,1.473473135,1.4960476,1.500097638,1.523403266,1.540545375,1.581027423,1.564444809,1.580529117,1.562313159,1.554716621,1.531152817,1.555060578,1.563084031,NA
ERI,6.899,6.868,6.837,6.806,6.778,6.752,6.728,6.706,6.686,6.667,6.65,6.636,6.624,6.615,6.609,6.609,6.614,6.625,6.64,6.658,6.675,6.686,6.69,6.683,6.665,6.636,6.597,6.552,6.502,6.448,6.387,6.316,6.233,6.137,6.03,5.914,5.793,5.67,5.549,5.434,5.328,5.233,5.149,5.073,5.005,4.942,4.881,4.818,4.752,4.681,4.605,4.525,4.444,4.363,4.284,4.207,NA
ESP,2.86,2.77,2.8,2.88,3.01,2.94,2.91,2.94,2.87,2.86,2.84,2.9,2.87,2.84,2.88,2.77,2.77,2.65,2.54,2.37,2.22,2.04,1.94,1.8,1.73,1.64,1.56,1.49,1.45,1.4,1.36,1.33,1.31,1.26,1.19,1.16,1.14,1.15,1.13,1.17,1.22,1.23,1.25,1.3,1.31,1.33,1.36,1.38,1.45,1.38,1.37,1.34,1.32,1.27,1.32,1.32,NA
EST,1.98,1.98,1.95,1.89,1.94,1.88,1.87,1.9,2.03,2.13,2.17,2.19,2.13,2.06,2.07,2.04,2.07,2.06,2.02,2,2.02,2.07,2.07,2.16,2.17,2.13,2.18,2.27,2.27,2.22,2.05,1.8,1.71,1.49,1.42,1.38,1.37,1.32,1.28,1.3,1.36,1.32,1.36,1.37,1.47,1.52,1.58,1.69,1.72,1.7,1.72,1.61,1.56,1.52,1.54,1.54,NA
ETH,6.88,6.877,6.875,6.872,6.867,6.864,6.867,6.88,6.903,6.937,6.978,7.02,7.06,7.094,7.121,7.143,7.167,7.195,7.23,7.271,7.316,7.36,7.397,7.424,7.437,7.435,7.418,7.387,7.347,7.298,7.246,7.193,7.143,7.094,7.046,6.995,6.935,6.861,6.769,6.659,6.529,6.38,6.218,6.046,5.87,5.693,5.52,5.353,5.194,5.044,4.903,4.77,4.642,4.517,4.395,4.275,NA
EUU,2.584157848,2.595394277,2.590904191,2.624144499,2.654667429,2.597250981,2.556957756,2.596764333,2.53628691,2.451493008,2.364465077,2.323219693,2.221572967,2.137865331,2.131516668,2.063065213,2.021680919,1.957753578,1.91966147,1.900018977,1.874819011,1.82124864,1.793857241,1.752193331,1.733721635,1.730291282,1.717571658,1.698934473,1.702504342,1.667141274,1.658032095,1.611895725,1.574015757,1.533114632,1.490909326,1.449806382,1.450081656,1.450091654,1.439846346,1.440428543,1.464376625,1.44712048,1.445683019,1.464154535,1.491123607,1.503167528,1.534119323,1.558792597,1.609764795,1.601236501,1.612314843,1.582043308,1.583426011,1.547573047,1.571785801,1.577264275,NA
FCS,6.581530482,6.606481097,6.634537974,6.663448908,6.690980236,6.715374734,6.733998573,6.74707841,6.754061996,6.754230798,6.748588913,6.737837713,6.724229783,6.708913685,6.69251722,6.675054935,6.655823399,6.633605597,6.607360347,6.576525775,6.539804839,6.495976342,6.446977304,6.393196733,6.335390252,6.274426074,6.20953426,6.142191938,6.072919991,6.003310428,5.940663857,5.87446957,5.811737251,5.751047818,5.691409022,5.631312942,5.568114912,5.504194505,5.439483942,5.375583774,5.313404901,5.254105023,5.195879508,5.137855036,5.079165189,5.01894083,4.954703117,4.889553867,4.824056906,4.758206487,4.692917079,4.628317038,4.563906242,4.499926577,4.435764043,4.371866612,NA
FIN,2.72,2.72,2.68,2.68,2.59,2.48,2.41,2.32,2.14,1.93,1.83,1.68,1.58,1.49,1.61,1.68,1.7,1.68,1.64,1.64,1.63,1.64,1.71,1.74,1.69,1.64,1.6,1.59,1.69,1.71,1.78,1.79,1.85,1.81,1.85,1.81,1.76,1.75,1.7,1.73,1.73,1.73,1.72,1.76,1.8,1.8,1.84,1.83,1.85,1.86,1.87,1.83,1.8,1.75,1.71,1.71,NA
FJI,6.461,6.281,6.085,5.881,5.676,5.475,5.278,5.083,4.892,4.71,4.543,4.397,4.275,4.178,4.106,4.054,4.018,3.992,3.968,3.941,3.907,3.864,3.813,3.755,3.693,3.629,3.568,3.512,3.465,3.427,3.398,3.374,3.352,3.33,3.305,3.276,3.244,3.209,3.171,3.132,3.09,3.046,3.001,2.954,2.907,2.86,2.816,2.774,2.736,2.701,2.669,2.641,2.615,2.589,2.564,2.54,NA
FRA,2.85,2.87,2.89,2.89,2.87,2.84,2.8,2.75,2.69,2.62,2.55,2.47,2.38,2.28,2.18,2.09,2.01,1.94,1.89,1.87,1.85,1.85,1.86,1.86,1.86,1.86,1.85,1.83,1.81,1.79,1.77,1.75,1.74,1.73,1.73,1.74,1.75,1.77,1.78,1.81,1.89,1.9,1.88,1.89,1.92,1.94,2,1.98,2.01,2,2.03,2.01,2.01,1.99,2.01,2.01,NA
FRO,NA,NA,NA,NA,NA,NA,NA,NA,NA,NA,3.4,3.2,3.3,3.2,3.1,2.9,2.7,2.7,2.6,2.7,2.5,2.5,2.3,2.2,2.2,2.3,2.4,2.4,2.6,2.7,2.8,2.6,2.5,2.5,2.4,2.5,2.6,2.5,2.3,2.3,2.6,2.3,2.6,2.5,2.6,2.6,2.5,2.6,2.6,2.4,2.5,2.3,2.6,2.5,2.6,2.4,NA
FSM,6.934,6.917,6.905,6.897,6.893,6.894,6.9,6.911,6.924,6.935,6.938,6.925,6.894,6.842,6.77,6.682,6.586,6.49,6.398,6.311,6.223,6.129,6.02,5.894,5.752,5.6,5.446,5.299,5.167,5.052,4.958,4.882,4.82,4.766,4.716,4.664,4.608,4.544,4.471,4.39,4.3,4.204,4.105,4.007,3.912,3.823,3.739,3.661,3.589,3.522,3.46,3.402,3.347,3.294,3.243,3.193,NA
GAB,4.384,4.462,4.541,4.619,4.694,4.766,4.834,4.899,4.961,5.021,5.081,5.143,5.208,5.275,5.343,5.412,5.48,5.543,5.6,5.648,5.684,5.709,5.722,5.723,5.712,5.689,5.654,5.609,5.554,5.491,5.421,5.345,5.263,5.176,5.087,4.996,4.903,4.809,4.716,4.625,4.539,4.46,4.389,4.327,4.274,4.23,4.194,4.164,4.138,4.112,4.083,4.05,4.01,3.963,3.909,3.849,NA
GBR,2.69,2.78,2.86,2.88,2.93,2.86,2.78,2.68,2.6,2.51,2.44,2.41,2.2,2.04,1.92,1.81,1.74,1.69,1.75,1.86,1.9,1.82,1.78,1.77,1.77,1.79,1.78,1.81,1.82,1.79,1.83,1.82,1.79,1.76,1.74,1.71,1.73,1.72,1.71,1.68,1.64,1.63,1.63,1.7,1.75,1.76,1.82,1.86,1.91,1.89,1.92,1.91,1.92,1.83,1.81,1.81,NA
GEO,2.964,2.965,2.95,2.915,2.864,2.801,2.737,2.68,2.637,2.609,2.595,2.588,2.579,2.563,2.537,2.502,2.461,2.419,2.379,2.343,2.315,2.296,2.284,2.277,2.275,2.273,2.269,2.26,2.243,2.217,2.18,2.132,2.076,2.013,1.946,1.879,1.812,1.749,1.692,1.643,1.609,1.592,1.593,1.609,1.639,1.678,1.719,1.758,1.788,1.809,1.82,1.822,1.82,1.817,1.816,1.815,NA
GHA,6.749,6.789,6.827,6.862,6.893,6.918,6.937,6.95,6.957,6.957,6.95,6.936,6.915,6.888,6.855,6.815,6.771,6.721,6.665,6.605,6.539,6.468,6.392,6.31,6.223,6.131,6.035,5.935,5.831,5.725,5.616,5.505,5.391,5.277,5.164,5.057,4.957,4.869,4.792,4.727,4.67,4.618,4.568,4.517,4.464,4.413,4.367,4.33,4.303,4.285,4.272,4.258,4.238,4.209,4.168,4.117,NA
GIB,NA,NA,NA,NA,NA,NA,NA,NA,NA,NA,NA,NA,NA,NA,NA,NA,NA,NA,NA,NA,NA,NA,NA,NA,NA,NA,NA,NA,NA,NA,NA,NA,NA,NA,NA,NA,NA,NA,NA,NA,NA,NA,NA,NA,NA,NA,NA,NA,NA,NA,NA,NA,NA,NA,NA,NA,NA
GIN,6.114,6.127,6.138,6.147,6.154,6.16,6.168,6.177,6.189,6.205,6.225,6.249,6.277,6.306,6.337,6.369,6.402,6.436,6.468,6.5,6.529,6.557,6.581,6.602,6.619,6.631,6.637,6.637,6.631,6.618,6.598,6.57,6.535,6.493,6.444,6.391,6.334,6.273,6.211,6.147,6.082,6.015,5.947,5.877,5.804,5.729,5.653,5.575,5.497,5.417,5.337,5.256,5.175,5.094,5.013,4.932,NA
GMB,5.573,5.621,5.672,5.723,5.776,5.83,5.884,5.938,5.991,6.043,6.093,6.141,6.185,6.226,6.262,6.293,6.316,6.333,6.342,6.343,6.337,6.323,6.303,6.277,6.248,6.219,6.19,6.164,6.141,6.123,6.107,6.095,6.083,6.07,6.056,6.039,6.018,5.995,5.97,5.944,5.917,5.891,5.867,5.845,5.827,5.812,5.803,5.799,5.798,5.798,5.796,5.789,5.775,5.751,5.717,5.674,NA
GNB,5.921,5.931,5.941,5.951,5.961,5.971,5.982,5.994,6.008,6.024,6.041,6.06,6.078,6.098,6.12,6.15,6.192,6.249,6.32,6.401,6.487,6.569,6.64,6.694,6.727,6.739,6.734,6.717,6.693,6.663,6.627,6.582,6.526,6.458,6.381,6.294,6.201,6.104,6.007,5.911,5.818,5.728,5.642,5.558,5.478,5.403,5.332,5.267,5.206,5.148,5.091,5.033,4.972,4.906,4.835,4.761,NA
GNQ,5.505,5.515,5.529,5.548,5.57,5.595,5.619,5.64,5.658,5.671,5.678,5.681,5.68,5.677,5.675,5.674,5.676,5.682,5.693,5.708,5.728,5.751,5.776,5.802,5.826,5.848,5.866,5.881,5.891,5.897,5.9,5.901,5.902,5.902,5.901,5.897,5.888,5.872,5.847,5.814,5.773,5.726,5.676,5.623,5.568,5.512,5.454,5.391,5.324,5.253,5.176,5.095,5.011,4.924,4.835,4.745,NA
GRC,2.23,2.13,2.16,2.14,2.24,2.25,2.32,2.45,2.42,2.36,2.4,2.32,2.32,2.27,2.38,2.33,2.35,2.27,2.28,2.26,2.23,2.09,2.03,1.94,1.83,1.67,1.6,1.5,1.5,1.4,1.39,1.37,1.36,1.32,1.33,1.28,1.26,1.27,1.24,1.23,1.25,1.25,1.28,1.29,1.31,1.34,1.4,1.41,1.5,1.5,1.48,1.4,1.34,1.29,1.3,1.3,NA
GRD,6.743,6.627,6.442,6.196,5.906,5.597,5.3,5.04,4.835,4.69,4.604,4.561,4.537,4.512,4.479,4.436,4.385,4.337,4.299,4.269,4.251,4.244,4.243,4.245,4.243,4.231,4.2,4.146,4.068,3.966,3.842,3.701,3.551,3.401,3.254,3.116,2.988,2.87,2.762,2.666,2.582,2.512,2.455,2.409,2.373,2.344,2.321,2.301,2.281,2.261,2.24,2.217,2.194,2.171,2.149,2.127,NA
GRL,NA,NA,NA,NA,NA,NA,NA,NA,NA,NA,NA,NA,NA,NA,NA,2.345,2.255,2.349,2.197,2.187,2.435,2.332,2.236,2.054,2.107,2.241,2.044,2.083,2.317,2.299,2.444,2.421,2.607,2.578,2.527,2.512,2.493,2.69,2.457,2.415,2.329,2.51,2.566,2.372,2.415,2.377,2.256,2.299,2.247,2.359,2.195,2.117,2.019,2.077,2.037,2,NA
GTM,6.534,6.512,6.49,6.464,6.434,6.399,6.36,6.323,6.288,6.259,6.235,6.219,6.208,6.203,6.201,6.202,6.206,6.211,6.213,6.21,6.195,6.161,6.105,6.027,5.93,5.82,5.704,5.591,5.488,5.396,5.315,5.244,5.174,5.102,5.024,4.939,4.847,4.75,4.648,4.543,4.434,4.322,4.207,4.091,3.976,3.865,3.76,3.664,3.578,3.501,3.434,3.373,3.317,3.263,3.211,3.159,NA
GUM,6.052,6.048,5.984,5.857,5.67,5.439,5.187,4.939,4.716,4.526,4.372,4.248,4.137,4.028,3.917,3.801,3.681,3.561,3.447,3.34,3.248,3.177,3.128,3.1,3.092,3.095,3.099,3.097,3.082,3.053,3.013,2.969,2.929,2.899,2.881,2.872,2.87,2.867,2.86,2.846,2.824,2.794,2.759,2.72,2.679,2.638,2.599,2.562,2.528,2.498,2.472,2.448,2.427,2.406,2.386,2.366,NA
GUY,5.754,5.689,5.619,5.548,5.481,5.421,5.366,5.314,5.263,5.21,5.154,5.092,5.022,4.944,4.86,4.769,4.675,4.579,4.486,4.395,4.308,4.226,4.148,4.073,4.001,3.931,3.863,3.796,3.731,3.666,3.601,3.535,3.467,3.4,3.332,3.267,3.206,3.15,3.101,3.059,3.022,2.989,2.958,2.926,2.894,2.86,2.824,2.787,2.751,2.715,2.68,2.647,2.615,2.585,2.558,2.532,NA
HIC,3.010215829,3.016232224,2.967592029,2.945641518,2.922779321,2.821977095,2.655154584,2.643623123,2.593774558,2.550403885,2.512200785,2.44951201,2.310778307,2.226306293,2.173190319,2.084479845,2.026102863,1.996057142,1.953078719,1.9639878,1.955824228,1.912734826,1.904926008,1.868116675,1.841170611,1.840993605,1.819970153,1.814725925,1.8318213,1.827793988,1.849087027,1.828189839,1.80573379,1.768124463,1.747461829,1.710954032,1.70399442,1.692367733,1.687709067,1.681113175,1.708656312,1.677080578,1.663555897,1.674399702,1.685052237,1.683323664,1.723447291,1.749582844,1.758019555,1.729816679,1.721442231,1.700748296,1.702347491,1.673727739,1.683953803,1.686310862,NA
HKG,5.162,5.213,5.18,5.051,4.833,4.551,4.246,3.959,3.722,3.545,3.421,3.459,3.315,3.177,2.967,2.666,2.48,2.376,2.272,2.12,2.047,1.933,1.86,1.722,1.559,1.491,1.367,1.311,1.4,1.296,1.272,1.281,1.347,1.342,1.355,1.295,1.191,1.127,1.017,0.982,1.035,0.932,0.939,0.901,0.927,0.966,0.984,1.028,1.064,1.055,1.127,1.204,1.285,1.124,1.234,1.195,NA
HND,7.458,7.448,7.443,7.441,7.443,7.442,7.435,7.417,7.383,7.334,7.27,7.195,7.111,7.025,6.935,6.844,6.749,6.649,6.543,6.431,6.313,6.19,6.062,5.932,5.802,5.674,5.553,5.439,5.333,5.233,5.139,5.048,4.956,4.86,4.758,4.649,4.531,4.405,4.272,4.134,3.993,3.849,3.706,3.564,3.427,3.293,3.164,3.039,2.918,2.802,2.695,2.599,2.514,2.442,2.382,2.332,NA
HPC,6.716755729,6.730621689,6.744693407,6.758692345,6.771930896,6.784609348,6.797277609,6.810237536,6.82349805,6.837219501,6.85103763,6.864815632,6.878200733,6.890362565,6.900836607,6.908922159,6.914614717,6.917395887,6.917253157,6.914050312,6.907377135,6.897126971,6.883727635,6.867383171,6.847945274,6.824982763,6.797952259,6.766123274,6.728916406,6.68632269,6.639609704,6.589001651,6.538034825,6.487080653,6.436257782,6.384997328,6.331360948,6.275215051,6.216098507,6.154338047,6.08988128,6.022071421,5.951986796,5.879322078,5.804143053,5.726172649,5.644824698,5.561577761,5.477294562,5.392264479,5.307135737,5.221454449,5.136047873,5.051353992,4.967621506,4.885233163,NA
HRV,2.332,2.302,2.273,2.243,2.211,2.177,2.141,2.104,2.068,2.035,2.007,1.987,1.975,1.972,1.976,1.985,1.996,2.005,2.01,2.01,2.004,1.993,1.9,1.88,1.87,1.82,1.76,1.64,1.79,1.63,1.63,1.53,1.48,1.52,1.47,1.58,1.67,1.69,1.45,1.38,1.39,1.46,1.42,1.41,1.43,1.5,1.47,1.48,1.55,1.58,1.55,1.48,1.51,1.46,1.46,1.46,NA
HTI,6.324,6.318,6.302,6.274,6.233,6.179,6.109,6.026,5.937,5.846,5.762,5.692,5.642,5.616,5.614,5.641,5.698,5.779,5.872,5.97,6.058,6.122,6.154,6.149,6.106,6.028,5.921,5.799,5.673,5.548,5.43,5.318,5.21,5.103,4.997,4.89,4.779,4.665,4.547,4.425,4.302,4.182,4.065,3.955,3.853,3.757,3.667,3.579,3.493,3.408,3.325,3.245,3.169,3.098,3.033,2.973,NA
HUN,2.02,1.94,1.79,1.82,1.82,1.82,1.89,2.01,2.06,2.04,1.98,1.93,1.93,1.93,2.27,2.35,2.23,2.15,2.06,2.01,1.91,1.88,1.8,1.75,1.75,1.85,1.84,1.82,1.81,1.82,1.87,1.87,1.77,1.68,1.64,1.57,1.46,1.37,1.32,1.28,1.32,1.31,1.3,1.27,1.28,1.31,1.34,1.32,1.35,1.32,1.25,1.23,1.34,1.35,1.44,1.44,NA
IBD,5.433799799,5.462218795,5.51171783,5.544140209,5.558985022,5.560958689,5.535249885,5.501088463,5.424538976,5.322952979,5.202072869,5.048447266,4.892138245,4.714371672,4.537851227,4.36016947,4.193806886,4.040626036,3.905974295,3.793490116,3.701111412,3.626931794,3.585545951,3.549218342,3.513120927,3.476485597,3.437196505,3.383859001,3.309331632,3.217378666,3.11174341,2.995709083,2.879866306,2.766073995,2.669006028,2.577598365,2.50235719,2.437170884,2.38867757,2.344725617,2.312883591,2.286851049,2.266347223,2.247298684,2.229740557,2.207388133,2.190308199,2.176526597,2.165002137,2.150442373,2.136759677,2.123790619,2.117064217,2.106379405,2.099308625,2.089987515,NA
IBT,5.628552633,5.656595781,5.702519634,5.732583829,5.747441755,5.75092529,5.731021511,5.703712155,5.640884813,5.557105747,5.457270337,5.328664539,5.199248282,5.050814811,4.903027894,4.753939142,4.613512157,4.483990333,4.369427574,4.272603692,4.191707707,4.122411499,4.081738163,4.043744413,4.005633618,3.966484093,3.923921431,3.869424851,3.795840418,3.707968458,3.608609721,3.501042549,3.394300709,3.288786305,3.197639938,3.113245022,3.040301748,2.975040864,2.925705635,2.880182032,2.843889501,2.813199553,2.78857162,2.764665167,2.743837008,2.718507806,2.69835553,2.681687604,2.666881802,2.649157682,2.632246286,2.615833035,2.605050522,2.592356044,2.582456225,2.570365889,NA
IDA,6.603602582,6.620258363,6.635761723,6.649742885,6.661383247,6.671183611,6.67974866,6.687554329,6.694695242,6.70106824,6.706197479,6.708693298,6.708712581,6.705066671,6.697443258,6.68565415,6.669739915,6.649963867,6.626097319,6.597787421,6.564306799,6.524593372,6.479387556,6.428588326,6.372241444,6.309552647,6.239782467,6.165533539,6.079159069,5.990735764,5.898709465,5.812969807,5.720595084,5.629359165,5.539616996,5.463237905,5.375292918,5.289914605,5.205679361,5.125750628,5.04572857,4.968621748,4.898736614,4.826379406,4.763227268,4.696504875,4.635045851,4.577739309,4.520475428,4.459821046,4.397767723,4.337181652,4.279516907,4.226173593,4.172690658,4.117575321,NA
IDB,6.479580966,6.490755943,6.498871496,6.504203215,6.506684397,6.508083357,6.510822658,6.516000968,6.524463782,6.535839938,6.54974831,6.563634427,6.577097771,6.586902635,6.591862184,6.590989063,6.583134111,6.569086468,6.548618219,6.522973322,6.492911291,6.45918036,6.42311986,6.385304582,6.344729824,6.299184604,6.245245603,6.187550312,6.10025455,6.012326826,5.915527263,5.832439743,5.722388406,5.613357864,5.502954045,5.421965059,5.316892562,5.216845954,5.116030619,5.030883685,4.946157217,4.868486594,4.811958809,4.746731517,4.709421398,4.664556953,4.633653358,4.615347414,4.591655641,4.551770635,4.500282547,4.45029669,4.402253867,4.364270542,4.319430089,4.266826606,NA
IDN,5.666,5.656,5.645,5.634,5.623,5.612,5.599,5.582,5.556,5.521,5.474,5.413,5.338,5.251,5.152,5.043,4.927,4.806,4.682,4.557,4.43,4.301,4.167,4.028,3.887,3.745,3.606,3.472,3.346,3.229,3.122,3.023,2.931,2.844,2.764,2.691,2.628,2.575,2.534,2.503,2.483,2.473,2.469,2.471,2.475,2.481,2.489,2.497,2.504,2.51,2.513,2.509,2.5,2.484,2.463,2.437,NA
IDX,6.661781023,6.68095248,6.699852849,6.717785244,6.733558355,6.747089242,6.758303338,6.767246601,6.773699373,6.777711321,6.778766019,6.776163172,6.770101667,6.760352455,6.747022314,6.730297621,6.710797378,6.688526898,6.663257382,6.633863255,6.598895198,6.556460862,6.50692241,6.449844567,6.385791772,6.314671737,6.237079174,6.154623175,6.0686958,5.980021804,5.890361132,5.803318031,5.719706963,5.637277242,5.557741507,5.483617913,5.404143641,5.326014566,5.249963745,5.17260108,5.094924825,5.01812232,4.941678583,4.865840089,4.789904395,4.7123431,4.635735883,4.559128222,4.485314932,4.414480008,4.347248295,4.281511795,4.219210273,4.15841463,4.100803876,4.044598021,NA
IMN,NA,2.707,NA,NA,NA,NA,NA,NA,NA,NA,NA,NA,NA,NA,NA,NA,NA,NA,NA,NA,NA,NA,NA,NA,NA,NA,NA,NA,NA,NA,NA,NA,NA,NA,1.8,NA,NA,NA,NA,NA,NA,NA,1.65,NA,NA,NA,NA,NA,NA,NA,NA,NA,NA,NA,NA,NA,NA
IND,5.906,5.903,5.895,5.881,5.86,5.831,5.795,5.752,5.703,5.648,5.587,5.519,5.444,5.363,5.278,5.192,5.109,5.03,4.957,4.89,4.828,4.767,4.704,4.636,4.563,4.484,4.399,4.311,4.222,4.132,4.044,3.959,3.877,3.798,3.723,3.651,3.581,3.513,3.446,3.379,3.311,3.243,3.174,3.105,3.036,2.966,2.896,2.826,2.755,2.687,2.622,2.563,2.51,2.465,2.427,2.395,NA
INX,NA,NA,NA,NA,NA,NA,NA,NA,NA,NA,NA,NA,NA,NA,NA,NA,NA,NA,NA,NA,NA,NA,NA,NA,NA,NA,NA,NA,NA,NA,NA,NA,NA,NA,NA,NA,NA,NA,NA,NA,NA,NA,NA,NA,NA,NA,NA,NA,NA,NA,NA,NA,NA,NA,NA,NA,NA
IRL,3.78,3.78,3.92,4.01,4.07,4.04,3.94,3.84,3.77,3.83,3.85,3.93,3.84,3.71,3.59,3.37,3.29,3.24,3.21,3.21,3.21,3.05,2.94,2.74,2.58,2.48,2.44,2.32,2.17,2.08,2.11,2.08,1.99,1.9,1.85,1.84,1.88,1.93,1.94,1.9,1.89,1.94,1.97,1.96,1.93,1.86,1.91,2.01,2.06,2.06,2.05,2.03,2,1.96,1.94,1.94,NA
IRN,6.927,6.924,6.914,6.896,6.868,6.827,6.77,6.699,6.617,6.528,6.44,6.359,6.292,6.243,6.214,6.212,6.238,6.289,6.354,6.422,6.481,6.516,6.515,6.47,6.374,6.223,6.014,5.758,5.467,5.15,4.818,4.478,4.139,3.81,3.5,3.216,2.961,2.734,2.533,2.358,2.211,2.092,1.997,1.925,1.87,1.831,1.805,1.788,1.779,1.772,1.765,1.755,1.742,1.726,1.707,1.685,NA
IRQ,6.252,6.364,6.514,6.689,6.872,7.044,7.188,7.295,7.362,7.383,7.362,7.308,7.234,7.153,7.072,6.993,6.915,6.834,6.748,6.658,6.569,6.485,6.407,6.338,6.276,6.22,6.164,6.105,6.039,5.965,5.882,5.794,5.702,5.61,5.517,5.423,5.323,5.218,5.107,4.995,4.888,4.792,4.715,4.658,4.623,4.608,4.61,4.623,4.639,4.653,4.659,4.654,4.637,4.607,4.566,4.515,NA
ISL,4.29,3.88,3.98,3.99,3.88,3.73,3.59,3.28,3.06,2.99,2.81,2.92,3.09,2.94,2.66,2.65,2.52,2.31,2.35,2.49,2.48,2.33,2.27,2.24,2.08,1.93,1.92,2.06,2.26,2.19,2.3,2.18,2.21,2.22,2.14,2.08,2.12,2.04,2.05,1.99,2.08,1.95,1.93,1.99,2.04,2.05,2.08,2.09,2.15,2.23,2.2,2.02,2.04,1.93,1.93,1.93,NA
ISR,3.866,3.858,3.85,3.838,3.826,3.814,3.802,3.79,3.786,3.782,3.778,3.774,3.77,3.698,3.626,3.554,3.482,3.41,3.354,3.298,3.242,3.186,3.13,3.106,3.082,3.058,3.034,3.01,2.948,2.886,2.824,2.762,2.7,2.8,2.9,2.9,2.9,2.94,2.98,2.965,2.95,2.92,2.89,2.95,2.9,2.84,2.88,2.9,2.96,2.96,3.03,2.98,3.05,3.03,3.08,3.09,NA
ITA,2.37,2.42,2.44,2.5,2.65,2.59,2.57,2.5,2.49,2.46,2.38,2.4,2.35,2.3,2.28,2.17,2.04,1.93,1.84,1.73,1.64,1.58,1.56,1.51,1.46,1.42,1.35,1.33,1.36,1.33,1.33,1.3,1.3,1.25,1.21,1.19,1.2,1.21,1.21,1.23,1.26,1.25,1.27,1.29,1.34,1.34,1.37,1.4,1.45,1.45,1.46,1.44,1.43,1.39,1.37,1.37,NA
JAM,5.419,5.529,5.627,5.711,5.775,5.815,5.821,5.79,5.722,5.617,5.477,5.305,5.108,4.899,4.685,4.478,4.286,4.115,3.965,3.839,3.733,3.643,3.559,3.477,3.394,3.308,3.223,3.142,3.069,3.003,2.947,2.899,2.86,2.826,2.797,2.768,2.738,2.704,2.666,2.623,2.577,2.529,2.482,2.439,2.398,2.361,2.325,2.289,2.251,2.213,2.174,2.136,2.102,2.072,2.046,2.025,NA
JOR,7.687,7.802,7.904,7.983,8.034,8.057,8.053,8.033,8.004,7.968,7.926,7.876,7.818,7.75,7.675,7.598,7.523,7.455,7.391,7.329,7.262,7.178,7.071,6.935,6.771,6.581,6.373,6.157,5.943,5.734,5.536,5.349,5.169,4.997,4.832,4.677,4.531,4.396,4.272,4.158,4.056,3.964,3.882,3.809,3.745,3.69,3.646,3.613,3.588,3.57,3.553,3.533,3.505,3.468,3.422,3.366,NA
JPN,2.001,2.05,2.01,2.02,2.05,2.139,1.58,2.02,2.13,2.13,2.135,2.16,2.14,2.14,2.05,1.909,1.85,1.8,1.79,1.77,1.75,1.74,1.77,1.8,1.81,1.76,1.72,1.69,1.66,1.57,1.54,1.53,1.502,1.458,1.5,1.422,1.425,1.388,1.384,1.342,1.359,1.33,1.32,1.29,1.29,1.26,1.32,1.34,1.37,1.37,1.39,1.39,1.41,1.43,1.42,1.46,NA
KAZ,4.563,4.514,4.437,4.331,4.201,4.059,3.918,3.79,3.683,3.6,3.538,3.489,3.44,3.385,3.32,3.249,3.175,3.106,3.048,3.019,2.9,2.95,3,3.04,3.08,3.08,3.135,3.19,3.13,2.82,2.72,2.61,2.5,2.3,2.28,2.26,2.13,2,1.8,1.7,1.8,1.9,2,2.03,2.21,2.22,2.36,2.5,2.7,2.55,2.6,2.59,2.62,2.64,2.74,2.73,NA
KEN,7.946,7.998,8.042,8.078,8.103,8.119,8.126,8.125,8.117,8.103,8.081,8.051,8.012,7.963,7.905,7.84,7.769,7.695,7.618,7.538,7.455,7.366,7.27,7.165,7.049,6.918,6.769,6.602,6.422,6.231,6.037,5.847,5.668,5.506,5.366,5.251,5.165,5.102,5.059,5.03,5.012,5,4.989,4.975,4.953,4.921,4.878,4.825,4.766,4.7,4.629,4.556,4.481,4.406,4.334,4.263,NA
KGZ,5.166,5.255,5.314,5.335,5.317,5.266,5.193,5.112,5.034,4.961,4.892,4.815,4.724,4.615,4.492,4.365,4.247,4.15,4.082,4.044,4.035,4.046,4.068,4.086,4.097,4.093,4.073,4.039,3.992,3.875,3.63,3.58,3.52,3.2,2.9,3.1,2.8,2.6,2.7,2.6,2.4,2.4,2.4,2.5,2.6,2.5,2.7,2.7,2.8,2.9,3.1,3.1,3.2,3.1,3.2,3.2,NA
KHM,6.967,6.964,6.955,6.937,6.909,6.868,6.813,6.745,6.666,6.574,6.465,6.332,6.175,6.004,5.831,5.681,5.585,5.557,5.603,5.714,5.87,6.042,6.193,6.296,6.338,6.313,6.226,6.097,5.944,5.777,5.601,5.421,5.237,5.052,4.867,4.685,4.504,4.325,4.146,3.971,3.805,3.654,3.521,3.406,3.309,3.227,3.155,3.086,3.018,2.947,2.875,2.804,2.739,2.683,2.635,2.595,NA
KIR,6.788,6.803,6.784,6.728,6.634,6.501,6.329,6.125,5.902,5.673,5.457,5.273,5.13,5.034,4.985,4.978,4.999,5.031,5.058,5.072,5.07,5.051,5.022,4.988,4.952,4.912,4.871,4.829,4.784,4.738,4.688,4.635,4.576,4.512,4.445,4.374,4.304,4.235,4.17,4.11,4.058,4.015,3.979,3.95,3.927,3.909,3.895,3.883,3.872,3.859,3.843,3.822,3.796,3.765,3.73,3.69,NA
KNA,NA,NA,NA,NA,NA,NA,NA,NA,NA,NA,NA,NA,3.5,NA,NA,NA,NA,NA,NA,NA,NA,NA,3.3,NA,NA,NA,NA,2.8,NA,NA,NA,NA,2.6,NA,NA,NA,NA,2.4,NA,NA,NA,NA,2.107,NA,NA,NA,NA,NA,NA,NA,NA,NA,NA,NA,NA,NA,NA
KOR,6.155,5.989,5.789,5.574,5.357,5.157,4.987,4.845,4.725,4.624,4.53,4.54,4.12,4.07,3.77,3.43,3,2.99,2.64,2.9,2.82,2.57,2.39,2.06,1.74,1.66,1.58,1.53,1.55,1.56,1.57,1.71,1.76,1.654,1.656,1.634,1.574,1.52,1.448,1.41,1.467,1.297,1.166,1.18,1.154,1.076,1.123,1.25,1.192,1.149,1.226,1.244,1.297,1.187,1.205,1.239,NA
KWT,7.243,7.27,7.302,7.336,7.368,7.394,7.408,7.406,7.384,7.338,7.263,7.155,7.016,6.851,6.664,6.464,6.264,6.068,5.881,5.699,5.51,5.295,5.042,4.746,4.414,4.059,3.696,3.349,3.039,2.782,2.593,2.487,2.456,2.486,2.564,2.668,2.771,2.851,2.893,2.89,2.847,2.778,2.707,2.648,2.605,2.577,2.554,2.525,2.481,2.423,2.353,2.279,2.209,2.15,2.105,2.072,NA
LAC,6.059439807,6.058687518,6.043646917,6.010092768,5.958863932,5.889984091,5.807054264,5.714838045,5.618117645,5.518884286,5.419336683,5.317282063,5.213272849,5.106296632,4.996494729,4.884415193,4.770189621,4.655544679,4.539889867,4.424997782,4.310792893,4.196987031,4.083313768,3.970562767,3.859095751,3.749688457,3.642304355,3.538267775,3.438676714,3.343703284,3.254534832,3.171890655,3.096724898,3.028042611,2.965467094,2.908329961,2.85543115,2.806208133,2.758873805,2.711934656,2.664649193,2.615174643,2.564354054,2.512339513,2.459946134,2.408451019,2.360468094,2.316141327,2.278103146,2.245375154,2.217357837,2.193564538,2.172031765,2.151146439,2.130392962,2.109396249,NA
LAO,5.961,5.964,5.966,5.969,5.971,5.973,5.974,5.973,5.973,5.972,5.974,5.979,5.99,6.006,6.029,6.059,6.096,6.139,6.186,6.233,6.277,6.315,6.345,6.363,6.369,6.361,6.342,6.313,6.274,6.222,6.151,6.054,5.928,5.772,5.589,5.384,5.163,4.936,4.712,4.498,4.304,4.132,3.984,3.857,3.75,3.66,3.582,3.511,3.44,3.368,3.293,3.215,3.138,3.063,2.991,2.923,NA
LBN,5.739,5.724,5.694,5.647,5.583,5.501,5.403,5.295,5.181,5.064,4.948,4.836,4.73,4.629,4.534,4.444,4.357,4.271,4.182,4.092,3.997,3.898,3.796,3.692,3.587,3.482,3.379,3.279,3.182,3.09,3.002,2.919,2.841,2.765,2.691,2.617,2.543,2.468,2.39,2.31,2.225,2.134,2.037,1.938,1.839,1.75,1.678,1.627,1.601,1.598,1.613,1.641,1.671,1.697,1.714,1.722,NA
LBR,6.406,6.429,6.453,6.476,6.5,6.524,6.552,6.583,6.617,6.655,6.695,6.736,6.777,6.815,6.849,6.88,6.907,6.93,6.95,6.964,6.973,6.973,6.964,6.946,6.917,6.875,6.82,6.752,6.673,6.587,6.499,6.414,6.336,6.267,6.208,6.156,6.109,6.061,6.008,5.948,5.88,5.804,5.722,5.635,5.547,5.456,5.366,5.277,5.19,5.105,5.024,4.945,4.868,4.793,4.719,4.647,NA
LBY,7.202,7.243,7.31,7.402,7.517,7.647,7.781,7.905,8.01,8.087,8.132,8.147,8.135,8.102,8.048,7.97,7.866,7.736,7.582,7.408,7.219,7.023,6.826,6.63,6.435,6.235,6.022,5.788,5.53,5.253,4.962,4.667,4.381,4.113,3.871,3.656,3.47,3.307,3.164,3.038,2.931,2.845,2.779,2.731,2.697,2.675,2.661,2.65,2.638,2.624,2.603,2.576,2.543,2.507,2.467,2.426,NA
LCA,6.967,6.931,6.88,6.821,6.758,6.688,6.607,6.508,6.387,6.249,6.101,5.953,5.813,5.686,5.571,5.462,5.347,5.216,5.064,4.891,4.703,4.512,4.328,4.161,4.014,3.888,3.78,3.683,3.589,3.495,3.398,3.298,3.195,3.09,2.983,2.873,2.76,2.644,2.528,2.416,2.313,2.224,2.152,2.098,2.062,2.04,2.029,2.022,2.013,2,1.982,1.96,1.936,1.913,1.89,1.869,NA
LCN,5.963449664,5.960050834,5.942306056,5.906314001,5.853108587,5.782860522,5.699100499,5.606497242,5.509643453,5.410381,5.31082794,5.208836061,5.105084312,4.998723189,4.890078315,4.779720766,4.667899521,4.556191441,4.44394632,4.332811434,4.222753881,4.113443684,4.004673208,3.897138454,3.790978651,3.686848414,3.584613803,3.485383356,3.390158468,3.299029902,3.213154761,3.133207295,3.060132304,2.993104132,2.931853943,2.875714707,2.82279691,2.77428627,2.727998685,2.682705882,2.637135799,2.588212235,2.538264572,2.48740105,2.436825485,2.386947803,2.340062813,2.29674892,2.259922379,2.228104407,2.200661181,2.177306955,2.156017619,2.135249142,2.114880189,2.094508345,NA
LDC,6.658256694,6.675461179,6.692632033,6.709115185,6.723655073,6.736213504,6.746664086,6.755075633,6.76127256,6.765338106,6.766777474,6.765273356,6.761024572,6.753855622,6.743987655,6.731634749,6.717338165,6.700860859,6.681618855,6.658194675,6.628923181,6.591956131,6.547622069,6.495641881,6.436527416,6.370289905,6.29759902,6.220193957,6.139537687,6.056925006,5.974580337,5.893326126,5.815744469,5.741197787,5.668949913,5.597898475,5.52474332,5.451461393,5.377410797,5.303135957,5.228997382,5.153956758,5.079095501,5.003880697,4.92830788,4.851961756,4.773771852,4.696065824,4.61927828,4.544295323,4.471208579,4.39941778,4.330517842,4.265001331,4.202335731,4.142699869,NA
LIC,6.500534596,6.492754946,6.485900671,6.483521925,6.488953099,6.503777803,6.520478529,6.542950285,6.565487482,6.583987376,6.59589727,6.602527058,6.601811407,6.595121866,6.585694212,6.576232961,6.566937582,6.56139771,6.55987229,6.560741518,6.562285584,6.559277916,6.554998113,6.547326325,6.53458733,6.516087195,6.494349811,6.466436312,6.434099626,6.399114299,6.363495647,6.324538882,6.288109655,6.25271936,6.216495883,6.177886359,6.134493901,6.086613537,6.034309714,5.978362271,5.919099597,5.856530896,5.791491363,5.724086993,5.654561669,5.582433205,5.506201439,5.427857619,5.347901818,5.266280825,5.183530905,5.099093229,5.014766455,4.931422657,4.85000164,4.770783196,NA
LIE,NA,NA,NA,NA,NA,NA,NA,NA,NA,NA,NA,NA,NA,NA,NA,NA,NA,NA,NA,NA,NA,NA,NA,NA,NA,NA,NA,NA,NA,NA,NA,NA,NA,NA,NA,NA,NA,NA,NA,NA,1.57,1.52,1.47,1.36,1.44,1.49,1.43,1.42,1.43,1.71,1.4,1.69,1.51,1.45,1.59,1.59,NA
LKA,5.541,5.421,5.299,5.18,5.067,4.959,4.849,4.734,4.609,4.477,4.342,4.208,4.083,3.97,3.87,3.783,3.705,3.633,3.562,3.488,3.408,3.319,3.223,3.12,3.012,2.904,2.8,2.703,2.617,2.544,2.483,2.433,2.39,2.353,2.32,2.291,2.268,2.252,2.242,2.239,2.241,2.247,2.257,2.268,2.278,2.284,2.283,2.274,2.257,2.233,2.203,2.17,2.138,2.108,2.083,2.062,NA
LMC,5.925998401,5.92820845,5.929001554,5.9228018,5.909849404,5.897179074,5.878136283,5.851360153,5.819174238,5.785080383,5.746778569,5.7006213,5.645753239,5.585606266,5.522728832,5.455959316,5.388269533,5.320026422,5.255759919,5.191765496,5.127663897,5.060700274,4.99291347,4.921871733,4.843291254,4.758320828,4.669319127,4.576326795,4.478843548,4.379144932,4.282994314,4.188497295,4.091955688,3.997238055,3.906596677,3.825318558,3.743295479,3.666204887,3.59350693,3.525682295,3.462918452,3.403638439,3.350735586,3.298387713,3.250974361,3.201377594,3.157526232,3.115694704,3.076055025,3.035338704,2.994983176,2.957522635,2.923548754,2.891967973,2.862027699,2.832377966,NA
LMY,5.665066613,5.694521077,5.741890744,5.772226055,5.789203799,5.793928151,5.777106789,5.750738302,5.689274653,5.605415595,5.504008591,5.372127248,5.240059396,5.087806859,4.936158156,4.782995528,4.638492292,4.506531867,4.389470077,4.289749895,4.207389177,4.137374047,4.095048621,4.055501545,4.017065506,3.977384187,3.934939792,3.880132391,3.805401018,3.717129282,3.618323356,3.5099216,3.403676751,3.298272065,3.207137031,3.123676681,3.050290695,2.985180655,2.936193982,2.890822313,2.854077089,2.823507207,2.79908391,2.775108315,2.753924018,2.728186319,2.707618856,2.690461114,2.674913182,2.656948227,2.639838153,2.623780265,2.612851848,2.600286764,2.59007193,2.577820583,NA
LSO,5.839,5.829,5.82,5.812,5.806,5.802,5.801,5.803,5.805,5.807,5.808,5.807,5.802,5.794,5.78,5.761,5.736,5.706,5.672,5.633,5.589,5.542,5.491,5.436,5.377,5.313,5.244,5.169,5.088,5.004,4.919,4.837,4.759,4.686,4.617,4.548,4.475,4.394,4.302,4.2,4.089,3.972,3.856,3.744,3.64,3.548,3.473,3.412,3.366,3.33,3.303,3.278,3.253,3.222,3.185,3.142,NA
LTE,5.183603044,5.232459254,5.320151464,5.388323797,5.431218948,5.451426768,5.428006508,5.396571612,5.292878892,5.14805916,4.972264009,4.746843676,4.519152161,4.257245404,3.998747037,3.741339945,3.50676867,3.295287604,3.113458375,2.970528043,2.863177389,2.795000452,2.777030623,2.772023326,2.771543464,2.774065197,2.773600165,2.752260863,2.692225951,2.604551707,2.491082387,2.358512622,2.219334827,2.083097166,1.971235877,1.867997537,1.785016322,1.721112685,1.678392143,1.644053892,1.63089747,1.625241011,1.627677043,1.631367214,1.63665337,1.631997598,1.63315603,1.640117333,1.648924919,1.650715075,1.653322321,1.653669865,1.662859713,1.663960984,1.671327803,1.673133029,NA
LTU,2.56,2.53,2.45,2.35,2.28,2.23,2.22,2.23,2.24,2.3,2.4,2.41,2.34,2.22,2.21,2.18,2.18,2.14,2.08,2.05,1.99,1.98,1.97,2.1,2.07,2.08,2.12,2.11,2.02,1.98,2.03,2.01,1.97,1.74,1.57,1.55,1.49,1.47,1.46,1.46,1.39,1.29,1.23,1.26,1.27,1.29,1.33,1.36,1.45,1.5,1.5,1.55,1.6,1.59,1.63,1.63,NA
LUX,2.29,2.33,2.37,2.355,2.34,2.42,2.34,2.24,2.12,2.02,1.97,1.95,1.75,1.58,1.58,1.55,1.48,1.5,1.48,1.48,1.5,1.55,1.49,1.43,1.42,1.38,1.43,1.4,1.51,1.52,1.6,1.6,1.64,1.7,1.72,1.7,1.77,1.71,1.68,1.74,1.76,1.66,1.63,1.62,1.66,1.63,1.65,1.61,1.61,1.59,1.63,1.52,1.57,1.55,1.5,1.5,NA
LVA,1.94,1.94,1.91,1.85,1.79,1.74,1.76,1.8,1.83,1.88,1.96,2,2,1.98,1.97,1.96,1.93,1.89,1.87,1.87,1.86,1.88,1.97,2.07,2.09,2.08,2.12,2.15,2.11,2.05,2.02,1.86,1.73,1.51,1.39,1.25,1.16,1.11,1.09,1.16,1.25,1.22,1.26,1.32,1.29,1.39,1.46,1.54,1.58,1.46,1.36,1.33,1.44,1.52,1.64,1.64,NA
MAC,4.945,4.763,4.525,4.242,3.926,3.594,3.261,2.942,2.647,2.388,2.166,1.98,1.821,1.683,1.568,1.484,1.44,1.441,1.485,1.563,1.665,1.777,1.882,1.966,2.021,2.04,2.019,1.966,1.891,1.798,1.694,1.589,1.487,1.394,1.312,1.242,1.179,1.119,1.057,0.996,0.939,0.889,0.852,0.831,0.827,0.84,0.869,0.909,0.957,1.009,1.061,1.112,1.16,1.204,1.243,1.276,NA
MAF,NA,NA,NA,NA,NA,NA,NA,NA,NA,NA,NA,NA,NA,NA,NA,NA,NA,NA,NA,NA,NA,NA,2.44,2.4,2.29,2.24,2.06,2.13,2.13,2.2,2.12,2.05,1.94,1.84,1.84,1.84,1.84,1.84,1.83,1.83,1.83,1.83,1.83,1.83,1.83,1.83,1.82,1.82,1.82,1.82,1.82,1.82,1.82,1.81,1.81,1.81,NA
MAR,7.065,7.106,7.131,7.135,7.119,7.081,7.024,6.953,6.871,6.781,6.687,6.588,6.485,6.38,6.273,6.168,6.067,5.97,5.876,5.782,5.682,5.57,5.439,5.29,5.123,4.942,4.754,4.567,4.387,4.217,4.058,3.905,3.755,3.606,3.457,3.309,3.166,3.029,2.902,2.789,2.691,2.611,2.55,2.506,2.479,2.466,2.468,2.48,2.498,2.518,2.535,2.544,2.545,2.535,2.515,2.486,NA
MCO,NA,NA,NA,NA,NA,NA,NA,NA,NA,NA,NA,NA,NA,NA,NA,NA,NA,NA,NA,NA,NA,NA,NA,NA,NA,NA,NA,NA,NA,NA,NA,NA,NA,NA,NA,NA,NA,NA,NA,NA,NA,NA,NA,NA,NA,NA,NA,NA,NA,NA,NA,NA,NA,NA,NA,NA,NA
MDA,3.328,3.259,3.178,3.086,2.989,2.891,2.801,2.722,2.66,2.613,2.582,2.56,2.542,2.523,2.503,2.483,2.465,2.455,2.454,2.462,2.481,2.51,2.546,2.585,2.62,2.643,2.646,2.625,2.578,2.506,2.414,2.309,2.199,2.093,1.994,1.901,1.811,1.719,1.623,1.527,1.435,1.354,1.291,1.247,1.224,1.219,1.227,1.242,1.256,1.268,1.274,1.273,1.269,1.263,1.256,1.248,NA
MDG,7.3,7.3,7.3,7.3,7.3,7.301,7.304,7.31,7.316,7.322,7.325,7.325,7.318,7.3,7.269,7.216,7.129,7.008,6.857,6.687,6.514,6.359,6.24,6.165,6.135,6.146,6.182,6.225,6.256,6.268,6.258,6.225,6.179,6.126,6.066,5.999,5.924,5.841,5.749,5.651,5.548,5.443,5.337,5.233,5.133,5.039,4.952,4.87,4.794,4.722,4.654,4.59,4.528,4.468,4.409,4.35,NA
MDV,7.021,7.075,7.118,7.152,7.179,7.201,7.218,7.231,7.237,7.237,7.227,7.201,7.159,7.103,7.04,6.981,6.944,6.936,6.961,7.013,7.081,7.151,7.203,7.219,7.189,7.106,6.965,6.776,6.548,6.286,5.993,5.674,5.336,4.987,4.637,4.298,3.975,3.674,3.399,3.155,2.945,2.77,2.627,2.51,2.418,2.347,2.295,2.261,2.238,2.222,2.209,2.194,2.175,2.152,2.123,2.088,NA
MEA,6.856843512,6.871781649,6.881975723,6.884929504,6.87933396,6.86317845,6.835128587,6.795098821,6.747567899,6.691694529,6.631398171,6.569877556,6.512312951,6.456661555,6.409030894,6.371413847,6.339535938,6.311786022,6.284047836,6.252518924,6.212851011,6.162551717,6.098092007,6.018567495,5.920473691,5.800927067,5.655868931,5.489896606,5.30612669,5.10867296,4.915536085,4.705671304,4.513893695,4.308120441,4.110150743,3.914250348,3.740484128,3.580698699,3.435135974,3.304425768,3.191860039,3.09652549,3.018098135,2.957149168,2.907988287,2.872948387,2.855639683,2.85012756,2.855488038,2.864970388,2.876054483,2.880877148,2.879877898,2.867861735,2.84685311,2.815529491,NA
MEX,6.768,6.762,6.758,6.754,6.752,6.755,6.768,6.789,6.813,6.831,6.83,6.789,6.7,6.558,6.366,6.13,5.864,5.587,5.317,5.064,4.836,4.635,4.456,4.295,4.149,4.018,3.898,3.786,3.68,3.578,3.478,3.382,3.291,3.206,3.126,3.051,2.982,2.917,2.857,2.8,2.747,2.697,2.649,2.604,2.561,2.521,2.483,2.447,2.415,2.385,2.356,2.328,2.3,2.272,2.243,2.213,NA
MHL,NA,NA,NA,NA,NA,NA,NA,NA,NA,NA,NA,NA,NA,NA,NA,NA,NA,NA,NA,NA,NA,NA,NA,NA,NA,NA,NA,5.9,NA,NA,NA,NA,NA,NA,NA,NA,NA,NA,NA,5.71,NA,NA,NA,NA,NA,4.5,4.5,4.5,NA,NA,NA,4.05,NA,NA,NA,NA,NA
MIC,5.594631689,5.626410673,5.677102698,5.709643859,5.727320578,5.731278191,5.711974583,5.682138726,5.61473623,5.523623497,5.414086997,5.272780663,5.131031299,4.968225631,4.806213854,4.642562722,4.48849857,4.347589146,4.222416622,4.115759632,4.027686066,3.954275273,3.909688101,3.868659483,3.82882972,3.787666919,3.74379654,3.686600874,3.608305726,3.515038686,3.410603761,3.296366372,3.183324363,3.071360581,2.974468003,2.88624537,2.809386652,2.741910009,2.690688026,2.64390626,2.606934285,2.576489266,2.552469019,2.528938271,2.508437475,2.48307831,2.463711753,2.448123279,2.434290467,2.417669726,2.401711263,2.386942644,2.37758394,2.366174787,2.357239597,2.345987236,NA
MKD,3.842,3.758,3.691,3.638,3.595,3.552,3.502,3.439,3.36,3.265,3.158,3.044,2.932,2.828,2.738,2.663,2.606,2.562,2.529,2.505,2.486,2.468,2.449,2.426,2.399,2.368,2.335,2.301,2.269,2.238,2.206,2.171,2.131,2.085,2.033,1.977,1.919,1.864,1.812,1.765,1.723,1.683,1.643,1.604,1.565,1.53,1.5,1.479,1.467,1.465,1.471,1.482,1.497,1.511,1.524,1.535,NA
MLI,6.967,6.979,6.994,7.011,7.03,7.05,7.07,7.089,7.106,7.121,7.133,7.141,7.147,7.151,7.153,7.154,7.154,7.153,7.152,7.151,7.15,7.15,7.15,7.15,7.15,7.151,7.153,7.156,7.161,7.164,7.165,7.159,7.146,7.124,7.094,7.058,7.02,6.983,6.95,6.921,6.897,6.878,6.861,6.842,6.821,6.794,6.76,6.719,6.67,6.612,6.547,6.474,6.396,6.314,6.229,6.143,NA
MLT,3.62,3.27,3.24,2.9,2.79,2.52,2.33,2.24,2.12,2.02,2.03,2.06,2.01,1.65,1.64,2.27,2.21,2.14,2.05,2.1,1.99,1.87,1.9,1.92,1.95,1.95,1.93,1.97,2.06,2.1,2.04,2.04,2.11,2,1.88,1.81,2.03,1.98,1.88,1.77,1.7,1.48,1.45,1.48,1.4,1.38,1.36,1.35,1.43,1.42,1.36,1.45,1.43,1.38,1.42,1.42,NA
MMR,6.051,6.073,6.096,6.116,6.13,6.136,6.129,6.109,6.074,6.024,5.96,5.881,5.792,5.695,5.592,5.488,5.385,5.284,5.185,5.087,4.983,4.868,4.738,4.591,4.429,4.256,4.077,3.901,3.735,3.584,3.451,3.337,3.241,3.159,3.091,3.036,2.994,2.964,2.94,2.921,2.903,2.88,2.851,2.814,2.769,2.714,2.652,2.585,2.517,2.449,2.386,2.33,2.28,2.239,2.204,2.177,NA
MNA,6.916244401,6.933149202,6.945009423,6.949615494,6.944734487,6.928758934,6.89911173,6.857588247,6.806173577,6.745781578,6.680567988,6.613828651,6.550775192,6.493302432,6.44297108,6.401791881,6.36893296,6.341048463,6.313254054,6.281804476,6.242563467,6.192222923,6.127589277,6.047431477,5.948488856,5.828331307,5.682312252,5.51388949,5.326529879,5.123277381,4.924224385,4.706199724,4.487286428,4.272868992,4.067697129,3.875667223,3.69731131,3.535087638,3.389171873,3.260952122,3.152087546,3.061628858,2.988070811,2.930269514,2.886421701,2.857027717,2.844399718,2.844796004,2.856414754,2.873913137,2.891923479,2.904744267,2.908674732,2.901708957,2.882783858,2.852772197,NA
MNE,3.603,3.522,3.436,3.344,3.246,3.145,3.046,2.953,2.871,2.8,2.737,2.68,2.624,2.567,2.507,2.447,2.391,2.341,2.3,2.268,2.243,2.224,2.208,2.192,2.175,2.156,2.137,2.12,2.104,2.091,2.078,2.063,2.046,2.025,2.002,1.977,1.951,1.927,1.906,1.888,1.875,1.865,1.858,1.852,1.847,1.84,1.832,1.82,1.805,1.787,1.767,1.745,1.725,1.706,1.689,1.676,NA
MNG,6.953,7.168,7.347,7.477,7.558,7.593,7.599,7.591,7.584,7.578,7.569,7.546,7.497,7.413,7.294,7.144,6.969,6.78,6.587,6.395,6.209,6.033,5.864,5.696,5.526,5.345,5.14,4.906,4.644,4.356,4.052,3.746,3.451,3.18,2.941,2.738,2.57,2.43,2.312,2.216,2.143,2.098,2.081,2.091,2.124,2.176,2.245,2.324,2.407,2.487,2.555,2.607,2.641,2.657,2.655,2.638,NA
MNP,NA,NA,NA,NA,NA,NA,NA,NA,NA,NA,NA,NA,NA,NA,NA,NA,NA,NA,NA,NA,NA,NA,NA,NA,NA,NA,NA,NA,NA,NA,NA,NA,NA,NA,NA,NA,NA,NA,NA,NA,NA,NA,NA,NA,NA,NA,NA,NA,NA,NA,NA,NA,NA,NA,NA,NA,NA
MOZ,6.6,6.6,6.601,6.601,6.602,6.602,6.602,6.601,6.599,6.596,6.591,6.586,6.58,6.572,6.564,6.554,6.544,6.532,6.519,6.505,6.49,6.474,6.457,6.439,6.42,6.398,6.373,6.345,6.313,6.277,6.236,6.19,6.138,6.084,6.027,5.973,5.925,5.884,5.853,5.831,5.816,5.805,5.794,5.78,5.761,5.736,5.707,5.674,5.64,5.603,5.564,5.521,5.472,5.418,5.359,5.295,NA
MRT,6.775,6.787,6.794,6.798,6.799,6.799,6.798,6.798,6.795,6.791,6.784,6.774,6.759,6.739,6.713,6.681,6.641,6.594,6.541,6.484,6.426,6.368,6.314,6.264,6.219,6.178,6.14,6.103,6.065,6.024,5.98,5.932,5.88,5.825,5.768,5.708,5.647,5.585,5.524,5.463,5.403,5.344,5.286,5.228,5.171,5.114,5.058,5.002,4.947,4.891,4.835,4.778,4.721,4.662,4.603,4.543,NA
MUS,6.167,6.178,6.124,5.993,5.785,5.51,5.187,4.847,4.516,4.213,3.952,3.741,3.575,3.444,3.341,3.255,3.169,3.071,2.954,2.818,2.672,2.532,2.412,2.325,2.16,2.02,1.99,2.05,2.14,2.23,2.32,2.3,2.37,2.21,2.25,2.14,2.12,2.04,1.97,2.05,1.99,1.91,1.94,1.87,1.92,1.88,1.77,1.74,1.67,1.59,1.57,1.55,1.54,1.44,1.43,1.36,NA
MWI,6.94,6.964,6.991,7.023,7.058,7.096,7.137,7.179,7.221,7.262,7.303,7.345,7.389,7.432,7.476,7.517,7.555,7.589,7.615,7.632,7.639,7.635,7.619,7.591,7.551,7.496,7.424,7.335,7.232,7.119,7.001,6.886,6.778,6.681,6.598,6.528,6.468,6.414,6.36,6.306,6.25,6.194,6.138,6.083,6.028,5.969,5.901,5.823,5.734,5.636,5.531,5.423,5.318,5.22,5.129,5.048,NA
MYS,6.194,6.136,6.052,5.942,5.808,5.655,5.492,5.326,5.165,5.014,4.872,4.737,4.603,4.469,4.337,4.209,4.092,3.99,3.906,3.839,3.789,3.753,3.725,3.702,3.679,3.656,3.63,3.604,3.576,3.546,3.515,3.485,3.454,3.422,3.385,3.339,3.275,3.19,3.085,2.961,2.825,2.683,2.545,2.418,2.307,2.217,2.146,2.093,2.051,2.021,1.998,1.982,1.968,1.956,1.944,1.931,NA
NAC,3.668331005,3.632195705,3.481246778,3.345609615,3.214685721,2.931844328,2.723632345,2.555155061,2.456541553,2.444263555,2.458553493,2.253862331,2.007067546,1.880083641,1.835198803,1.779017759,1.743840147,1.789192566,1.760807897,1.802548669,1.829426956,1.800644781,1.813550161,1.786942894,1.790664565,1.826423599,1.821073169,1.852519378,1.90814387,1.988980439,2.055188344,2.025230294,2.011522256,1.986801865,1.967631662,1.943570205,1.93706656,1.92841468,1.951728307,1.957531852,1.999299596,1.977857742,1.970377642,1.995618825,1.999210391,2.005188365,2.055674321,2.073689883,2.032632962,1.968299703,1.900250515,1.865741621,1.853530416,1.830030678,1.835785362,1.818270118,NA
NAM,6.15,6.167,6.184,6.199,6.216,6.236,6.263,6.301,6.347,6.401,6.459,6.517,6.57,6.613,6.642,6.654,6.647,6.622,6.581,6.524,6.451,6.362,6.259,6.145,6.022,5.893,5.76,5.625,5.491,5.358,5.227,5.098,4.97,4.842,4.715,4.589,4.466,4.345,4.229,4.119,4.018,3.926,3.844,3.773,3.714,3.667,3.635,3.616,3.608,3.606,3.605,3.6,3.586,3.56,3.522,3.473,NA
NCL,6.278,6.144,6.01,5.873333333,5.736666667,5.6,5.385,5.17,4.88,4.59,4.3,4.175714286,4.051428571,3.927142857,3.802857143,3.678571429,3.554285714,3.43,3.426,3.422,3.418,3.64,3.41,3.33,3.17,3,3.17,3.25,3.1,2.97,3.19,3.15,2.99,2.86,2.7,2.59,2.65,2.67,2.55,2.48,2.59,2.43,2.33,2.27,2.18,2.2,2.29,2.2,2.2,2.2,2.17,2.15,2.28,2.26,2.24,2.22,NA
NER,7.407,7.416,7.416,7.407,7.39,7.369,7.353,7.345,7.35,7.369,7.4,7.441,7.484,7.526,7.562,7.59,7.608,7.618,7.62,7.617,7.611,7.606,7.604,7.608,7.618,7.633,7.653,7.673,7.692,7.708,7.721,7.73,7.737,7.742,7.746,7.749,7.749,7.748,7.746,7.742,7.738,7.732,7.725,7.718,7.71,7.702,7.695,7.688,7.682,7.675,7.667,7.656,7.642,7.623,7.599,7.567,NA
NGA,6.354,6.351,6.346,6.341,6.336,6.335,6.342,6.359,6.387,6.425,6.471,6.522,6.575,6.625,6.669,6.706,6.735,6.757,6.772,6.781,6.783,6.779,6.767,6.749,6.726,6.698,6.664,6.625,6.582,6.537,6.49,6.443,6.395,6.348,6.303,6.262,6.224,6.19,6.159,6.131,6.106,6.083,6.06,6.036,6.011,5.985,5.958,5.93,5.902,5.873,5.84,5.802,5.758,5.707,5.65,5.587,NA
NIC,7.336,7.257,7.179,7.109,7.052,7.01,6.981,6.961,6.941,6.919,6.892,6.855,6.807,6.748,6.678,6.597,6.51,6.42,6.327,6.232,6.132,6.022,5.9,5.762,5.611,5.448,5.278,5.104,4.931,4.762,4.597,4.433,4.27,4.105,3.942,3.78,3.623,3.473,3.331,3.201,3.083,2.978,2.887,2.807,2.738,2.677,2.622,2.571,2.522,2.475,2.428,2.383,2.34,2.3,2.264,2.231,NA
NLD,3.12,3.22,3.18,3.19,3.17,3.04,2.9,2.81,2.72,2.75,2.57,2.36,2.15,1.9,1.77,1.66,1.63,1.58,1.58,1.56,1.6,1.56,1.5,1.47,1.49,1.51,1.55,1.56,1.55,1.55,1.62,1.61,1.59,1.57,1.57,1.53,1.53,1.56,1.63,1.65,1.72,1.71,1.73,1.75,1.72,1.71,1.72,1.72,1.77,1.79,1.79,1.76,1.72,1.68,1.71,1.71,NA
NOR,2.85,2.94,2.91,2.93,2.98,2.94,2.9,2.81,2.75,2.7,2.5,2.49,2.38,2.23,2.13,1.98,1.86,1.75,1.77,1.75,1.72,1.7,1.71,1.66,1.66,1.68,1.71,1.74,1.84,1.89,1.93,1.92,1.88,1.86,1.87,1.87,1.89,1.86,1.81,1.85,1.85,1.78,1.75,1.8,1.83,1.84,1.9,1.9,1.96,1.98,1.95,1.88,1.85,1.78,1.75,1.75,NA
NPL,5.959,5.96,5.962,5.964,5.965,5.966,5.963,5.958,5.948,5.934,5.918,5.901,5.884,5.868,5.853,5.838,5.822,5.804,5.783,5.756,5.725,5.687,5.645,5.597,5.546,5.49,5.431,5.371,5.308,5.242,5.172,5.097,5.015,4.926,4.828,4.72,4.6,4.47,4.33,4.182,4.03,3.877,3.724,3.575,3.43,3.289,3.151,3.012,2.873,2.737,2.606,2.486,2.381,2.292,2.222,2.167,NA
NRU,NA,NA,NA,NA,NA,NA,NA,NA,NA,NA,NA,NA,NA,NA,NA,NA,NA,NA,NA,NA,NA,NA,NA,NA,NA,NA,NA,NA,NA,NA,NA,NA,NA,NA,NA,NA,NA,NA,NA,NA,NA,NA,NA,NA,NA,NA,NA,NA,NA,NA,NA,NA,NA,NA,NA,NA,NA
NZL,4.129,4.099,4.107,3.989,3.733,3.54,3.41,3.354,3.332,3.269,3.158,3.194,3,2.696,2.57,2.331,2.273,2.229,2.07,2.12,2.03,2.01,1.95,1.92,1.93,1.93,1.96,2.03,2.1,2.12,2.18,2.16,2.12,2.05,2,1.99,1.96,1.96,1.89,1.97,1.98,1.97,1.89,1.93,1.98,1.97,2.01,2.18,2.19,2.13,2.17,2.09,2.1,2.01,1.92,1.99,NA
OED,3.235654189,3.242603979,3.197438409,3.177946351,3.158638382,3.067441304,2.91451696,2.909994073,2.869823773,2.83438577,2.802246084,2.743067475,2.61054738,2.526674369,2.468501304,2.373904705,2.303817097,2.260102259,2.203618388,2.197756085,2.174976262,2.121139281,2.10049287,2.054034715,2.017878636,2.007000871,1.979448061,1.965747796,1.972389226,1.962769871,1.974665497,1.949241409,1.923726763,1.885257892,1.86276112,1.825348197,1.816373626,1.803014252,1.796996664,1.788108853,1.808784482,1.779228695,1.763923257,1.770375015,1.775668371,1.769945371,1.801858216,1.821497639,1.82555217,1.798157965,1.788428547,1.76727801,1.765776509,1.740229677,1.745920415,1.745746038,NA
OMN,7.247,7.248,7.251,7.256,7.263,7.271,7.277,7.282,7.286,7.293,7.311,7.35,7.414,7.504,7.617,7.747,7.885,8.018,8.137,8.232,8.299,8.338,8.352,8.34,8.299,8.222,8.101,7.933,7.719,7.462,7.164,6.831,6.472,6.098,5.72,5.346,4.981,4.631,4.298,3.992,3.719,3.488,3.298,3.148,3.035,2.957,2.912,2.892,2.886,2.888,2.888,2.879,2.857,2.823,2.774,2.712,NA
OSS,5.056386786,5.054346953,5.058493451,5.037763107,5.029830161,4.994162702,4.965841949,4.943354662,4.935830989,4.929606459,4.91858109,4.902742126,4.876004097,4.834373904,4.811429082,4.80696359,4.788443981,4.769529029,4.753276878,4.747663887,4.740316577,4.729332975,4.709422139,4.707351219,4.676707114,4.63356137,4.603797076,4.577089669,4.554383224,4.510087434,4.45139761,4.368910579,4.306434351,4.226139637,4.163994814,4.095717856,4.036262213,3.949880569,3.871646379,3.803950495,3.735078874,3.659471461,3.607920257,3.5556267,3.518285544,3.478349132,3.437191711,3.408126618,3.377827132,3.347674686,3.320871684,3.29070414,3.261964507,3.224691629,3.193717695,3.155990015,NA
PAK,6.6,6.6,6.6,6.6,6.6,6.6,6.6,6.6,6.6,6.6,6.601,6.602,6.605,6.608,6.611,6.612,6.608,6.599,6.583,6.561,6.535,6.508,6.483,6.46,6.436,6.407,6.367,6.31,6.234,6.138,6.024,5.896,5.76,5.622,5.482,5.342,5.198,5.048,4.892,4.733,4.58,4.438,4.314,4.211,4.129,4.067,4.02,3.98,3.942,3.901,3.855,3.802,3.744,3.682,3.617,3.55,NA
PAN,5.87,5.846,5.812,5.765,5.707,5.638,5.559,5.472,5.378,5.279,5.173,5.06,4.939,4.81,4.675,4.537,4.398,4.26,4.128,4.002,3.884,3.775,3.675,3.581,3.494,3.413,3.336,3.262,3.19,3.121,3.057,3,2.952,2.914,2.883,2.858,2.834,2.808,2.778,2.743,2.705,2.667,2.632,2.603,2.579,2.562,2.55,2.541,2.533,2.524,2.513,2.5,2.484,2.465,2.444,2.421,NA
PER,6.971,6.97,6.963,6.948,6.921,6.878,6.816,6.733,6.63,6.51,6.378,6.239,6.099,5.963,5.832,5.705,5.578,5.447,5.31,5.167,5.021,4.875,4.733,4.6,4.475,4.358,4.249,4.142,4.037,3.933,3.828,3.722,3.617,3.514,3.413,3.317,3.226,3.142,3.064,2.993,2.929,2.871,2.818,2.77,2.725,2.684,2.648,2.616,2.59,2.566,2.545,2.525,2.504,2.48,2.455,2.427,NA
PHL,7.148,7.087,7.02,6.947,6.867,6.781,6.689,6.589,6.485,6.376,6.264,6.152,6.041,5.931,5.824,5.718,5.613,5.506,5.399,5.29,5.183,5.078,4.978,4.883,4.795,4.712,4.632,4.554,4.476,4.397,4.32,4.246,4.177,4.113,4.056,4.006,3.962,3.923,3.888,3.852,3.814,3.767,3.71,3.644,3.569,3.487,3.404,3.324,3.251,3.187,3.133,3.088,3.048,3.011,2.977,2.944,NA
PLW,NA,NA,NA,NA,NA,NA,NA,NA,NA,NA,NA,NA,NA,NA,NA,NA,NA,NA,NA,NA,NA,NA,NA,NA,NA,NA,NA,NA,NA,NA,2.84,NA,NA,NA,NA,2.35,NA,NA,NA,NA,NA,NA,NA,NA,NA,2.02,NA,NA,NA,NA,NA,NA,2.23,NA,NA,2.21,NA
PNG,6.275,6.278,6.278,6.275,6.268,6.258,6.244,6.227,6.208,6.187,6.163,6.137,6.108,6.077,6.041,6,5.954,5.9,5.839,5.771,5.694,5.609,5.515,5.415,5.312,5.21,5.11,5.018,4.934,4.861,4.802,4.756,4.723,4.7,4.683,4.668,4.653,4.632,4.604,4.569,4.525,4.475,4.422,4.368,4.315,4.263,4.21,4.157,4.101,4.044,3.985,3.927,3.869,3.812,3.757,3.705,NA
POL,2.98,2.83,2.72,2.7,2.57,2.52,2.34,2.33,2.24,2.2,2.2,2.25,2.24,2.26,2.26,2.27,2.3,2.23,2.21,2.28,2.28,2.24,2.34,2.42,2.37,2.33,2.22,2.15,2.13,2.08,2.06,2.07,1.95,1.87,1.81,1.62,1.59,1.51,1.44,1.38,1.37,1.31,1.25,1.22,1.23,1.24,1.27,1.31,1.39,1.4,1.41,1.33,1.33,1.29,1.32,1.32,NA
PRE,6.632140278,6.65079832,6.670546585,6.691140588,6.711383793,6.731577586,6.751892949,6.77271341,6.794091322,6.815245394,6.835624538,6.85552802,6.874396586,6.891123782,6.905218384,6.915804322,6.921830709,6.923016136,6.919167561,6.910665587,6.897668396,6.881275666,6.861900757,6.84068124,6.817937336,6.793223495,6.765290331,6.733294048,6.69640186,6.654921248,6.609286191,6.56026732,6.509994572,6.459834608,6.410444778,6.362499375,6.315228717,6.268781633,6.222921206,6.177666681,6.13337205,6.089943165,6.046510906,6.002137742,5.956038905,5.907437298,5.855035259,5.799330069,5.740710231,5.678830506,5.613355453,5.544034024,5.471934412,5.397714456,5.322258668,5.245980621,NA
PRI,4.657,4.547,4.411,4.252,4.075,3.888,3.703,3.53,3.377,3.248,3.146,3.068,3.006,2.955,2.908,2.864,2.818,2.769,2.718,2.664,2.607,2.548,2.49,2.436,2.387,2.344,2.308,2.279,2.256,2.236,2.219,2.201,2.18,2.154,2.124,2.088,1.94,1.9,1.9,1.97425,2.0485,1.9346,1.8317,1.7624,1.7822,1.7702,1.7123,1.6505,1.6516,1.6528,1.6235,1.5965,1.5425,1.47,1.432,1.432,NA
PRK,4.579,4.357,4.173,4.057,4.022,4.064,4.159,4.262,4.336,4.364,4.327,4.214,4.038,3.816,3.564,3.307,3.075,2.889,2.761,2.693,2.676,2.687,2.698,2.69,2.654,2.593,2.515,2.438,2.374,2.325,2.289,2.262,2.235,2.202,2.163,2.121,2.079,2.042,2.015,1.999,1.991,1.992,1.996,2,2.004,2.005,2.006,2.005,2.005,2.004,2.003,2,1.995,1.988,1.979,1.968,NA
PRT,3.16,3.21,3.23,3.12,3.21,3.15,3.16,3.16,3.12,3.12,3.01,3,2.86,2.77,2.7,2.75,2.82,2.69,2.45,2.31,2.25,2.13,2.07,1.95,1.9,1.72,1.66,1.62,1.61,1.57,1.56,1.56,1.54,1.52,1.45,1.41,1.44,1.47,1.47,1.5,1.55,1.45,1.46,1.44,1.4,1.41,1.37,1.35,1.39,1.34,1.39,1.35,1.28,1.21,1.23,1.23,NA
PRY,6.5,6.489,6.472,6.447,6.41,6.356,6.276,6.17,6.041,5.894,5.739,5.591,5.458,5.351,5.272,5.223,5.198,5.189,5.186,5.183,5.174,5.155,5.126,5.087,5.037,4.974,4.9,4.818,4.73,4.639,4.547,4.457,4.368,4.282,4.196,4.108,4.014,3.911,3.798,3.678,3.553,3.431,3.315,3.21,3.119,3.04,2.97,2.907,2.846,2.787,2.73,2.675,2.625,2.581,2.542,2.509,NA
PSE,NA,NA,NA,NA,NA,NA,NA,NA,NA,NA,NA,NA,NA,NA,NA,NA,NA,NA,NA,NA,NA,NA,NA,NA,NA,NA,NA,NA,NA,NA,6.719,6.675,6.608,6.515,6.396,6.251,6.085,5.907,5.729,5.554,5.39,5.24,5.105,4.983,4.875,4.782,4.7,4.627,4.56,4.496,4.433,4.369,4.305,4.241,4.176,4.11,NA
PSS,6.76739324,6.672534778,6.562859567,6.442212965,6.315547539,6.187666547,6.059307057,5.933803499,5.813117041,5.698617004,5.591983483,5.495432324,5.40756331,5.328941241,5.261434758,5.203542076,5.163091783,5.126565642,5.088202073,5.043745266,4.990346368,4.925767056,4.853345798,4.777279715,4.702003157,4.629773771,4.563853248,4.504535477,4.45227803,4.404943987,4.360370576,4.31374263,4.265840386,4.215879839,4.16328109,4.108441881,4.055994954,4.002500829,3.949636728,3.898814365,3.850322989,3.80146786,3.755819542,3.712513813,3.670415354,3.62911325,3.590857089,3.551366115,3.511081652,3.470277345,3.429323241,3.390361458,3.352227515,3.314897646,3.278338339,3.242304388,NA
PST,2.904830991,2.913048078,2.868526773,2.842451776,2.819005579,2.724337981,2.570435212,2.559272111,2.515436545,2.476344621,2.440241377,2.375732519,2.234166059,2.146308117,2.092380636,2.000345087,1.936391266,1.904095086,1.860661011,1.86683817,1.856071801,1.811739578,1.80121941,1.766202607,1.741074141,1.73943627,1.724212642,1.719093956,1.737954377,1.731473554,1.749579758,1.724389876,1.704502335,1.664944256,1.643150472,1.610397872,1.603635394,1.592332597,1.58960878,1.584546218,1.615487908,1.588000217,1.581020448,1.597634984,1.612955212,1.613124434,1.659756491,1.688310689,1.700256221,1.672536081,1.661752562,1.644682094,1.651688201,1.623345515,1.633491427,1.637356287,NA
PYF,5.658,5.577,5.5,5.43,5.368,5.314,5.267,5.222,5.174,5.12,5.057,4.98,4.889,4.785,4.67,4.548,4.423,4.301,4.185,4.08,3.989,3.916,3.858,3.812,3.774,3.738,3.697,3.645,3.579,3.497,3.4,3.291,3.175,3.059,2.946,2.841,2.745,2.66,2.585,2.52,2.463,2.414,2.37,2.329,2.289,2.251,2.216,2.184,2.156,2.131,2.11,2.092,2.075,2.059,2.043,2.027,NA
QAT,6.971,6.973,6.977,6.981,6.985,6.987,6.987,6.983,6.973,6.952,6.918,6.866,6.794,6.703,6.595,6.474,6.344,6.211,6.079,5.947,5.811,5.665,5.504,5.326,5.132,4.929,4.722,4.521,4.333,4.163,4.016,3.894,3.796,3.715,3.648,3.59,3.534,3.476,3.41,3.333,3.24,3.126,2.996,2.855,2.707,2.562,2.428,2.312,2.219,2.15,2.104,2.077,2.059,2.043,2.026,2.007,NA
ROU,2.34,2.17,2.04,2.01,1.96,1.91,1.9,3.66,3.63,3.19,2.89,2.67,2.55,2.44,2.71,2.59,2.54,2.57,2.52,2.49,2.43,2.36,2.17,2.06,2.26,2.31,2.39,2.38,2.3,2.22,1.83,1.59,1.51,1.43,1.4,1.33,1.3,1.32,1.32,1.3,1.31,1.27,1.27,1.3,1.33,1.4,1.42,1.45,1.6,1.66,1.59,1.47,1.52,1.41,1.52,1.52,NA
RUS,2.52,2.45,2.36,2.27,2.18,2.13,2.1,2.04,1.99,1.97,1.99,2.03,2.04,2.01,2,1.98,1.97,1.95,1.92,1.9,1.89,1.91,2.04,2.11,2.06,2.05,2.15,2.22,2.12,2.01,1.892,1.732,1.552,1.385,1.4,1.337,1.27,1.218,1.232,1.157,1.195,1.223,1.286,1.32,1.344,1.294,1.305,1.416,1.502,1.542,1.567,1.582,1.691,1.707,1.75,1.75,NA
RWA,8.187,8.194,8.197,8.198,8.198,8.198,8.198,8.201,8.207,8.217,8.231,8.252,8.278,8.307,8.339,8.37,8.399,8.423,8.441,8.449,8.448,8.439,8.423,8.397,8.355,8.285,8.173,8.013,7.807,7.562,7.291,7.015,6.753,6.518,6.319,6.159,6.032,5.926,5.829,5.734,5.64,5.545,5.449,5.353,5.254,5.146,5.027,4.895,4.751,4.598,4.441,4.287,4.143,4.012,3.898,3.8,NA
SAS,6.045699988,6.045306052,6.040937424,6.031951126,6.016821574,5.994971571,5.967227364,5.933201292,5.893480123,5.848298894,5.797637384,5.740462733,5.677063543,5.608102314,5.535462634,5.461196017,5.388994139,5.318850434,5.251898307,5.187741801,5.12560425,5.062100957,4.995384283,4.923452458,4.84626621,4.762809816,4.673050435,4.579108191,4.482930061,4.384969494,4.288274995,4.194025148,4.103253023,4.016124288,3.932828326,3.852361031,3.773529157,3.695593466,3.617811291,3.539946706,3.462181152,3.385608275,3.31032362,3.237149738,3.165865865,3.095530892,3.026278813,2.957763524,2.888907505,2.822908152,2.759512411,2.700985303,2.647533753,2.600646345,2.559251502,2.52266514,NA
SAU,7.216,7.23,7.243,7.252,7.257,7.26,7.262,7.264,7.267,7.273,7.28,7.289,7.299,7.307,7.312,7.313,7.309,7.299,7.281,7.252,7.206,7.138,7.047,6.933,6.798,6.649,6.493,6.338,6.189,6.045,5.904,5.76,5.604,5.433,5.247,5.045,4.83,4.608,4.388,4.175,3.976,3.797,3.639,3.504,3.392,3.3,3.224,3.16,3.101,3.044,2.987,2.93,2.873,2.818,2.765,2.713,NA
SDN,6.691,6.713,6.737,6.762,6.787,6.81,6.831,6.85,6.865,6.878,6.888,6.899,6.91,6.921,6.93,6.936,6.933,6.919,6.892,6.853,6.802,6.741,6.674,6.605,6.535,6.467,6.401,6.338,6.275,6.214,6.153,6.092,6.028,5.962,5.893,5.821,5.747,5.672,5.596,5.52,5.444,5.366,5.287,5.206,5.123,5.039,4.956,4.873,4.792,4.713,4.636,4.562,4.491,4.421,4.353,4.286,NA
SEN,6.951,6.994,7.036,7.077,7.116,7.154,7.192,7.23,7.267,7.305,7.34,7.374,7.405,7.432,7.452,7.465,7.468,7.461,7.445,7.418,7.382,7.337,7.284,7.225,7.16,7.089,7.011,6.925,6.833,6.734,6.63,6.519,6.404,6.287,6.169,6.053,5.94,5.833,5.731,5.638,5.552,5.474,5.403,5.338,5.28,5.232,5.198,5.177,5.169,5.171,5.174,5.173,5.161,5.134,5.09,5.031,NA
SGP,5.76,5.41,5.21,5.16,4.97,4.66,4.46,3.91,3.53,3.22,3.07,3.02,3.04,2.79,2.35,2.07,2.11,1.82,1.79,1.79,1.82,1.78,1.74,1.61,1.62,1.61,1.43,1.62,1.96,1.75,1.83,1.73,1.72,1.74,1.71,1.67,1.66,1.61,1.48,1.47,1.6,1.41,1.37,1.27,1.26,1.26,1.28,1.29,1.28,1.22,1.15,1.2,1.29,1.19,1.25,1.24,NA
SLB,6.388,6.385,6.383,6.385,6.394,6.419,6.47,6.549,6.655,6.781,6.914,7.04,7.145,7.216,7.248,7.236,7.182,7.096,6.99,6.871,6.748,6.632,6.525,6.431,6.349,6.278,6.211,6.139,6.056,5.961,5.851,5.728,5.596,5.461,5.326,5.197,5.077,4.968,4.872,4.789,4.72,4.665,4.618,4.578,4.54,4.502,4.459,4.412,4.359,4.3,4.236,4.168,4.098,4.031,3.966,3.904,NA
SLE,5.97,5.969,5.967,5.965,5.963,5.963,5.964,5.967,5.975,5.986,6.002,6.023,6.049,6.079,6.113,6.15,6.189,6.23,6.272,6.314,6.356,6.4,6.445,6.49,6.535,6.576,6.612,6.64,6.66,6.67,6.669,6.659,6.64,6.614,6.582,6.543,6.499,6.448,6.391,6.327,6.257,6.18,6.097,6.007,5.91,5.805,5.69,5.565,5.432,5.293,5.151,5.01,4.874,4.746,4.626,4.516,NA
SLV,6.674,6.679,6.67,6.645,6.606,6.552,6.488,6.416,6.338,6.257,6.173,6.088,5.999,5.906,5.808,5.704,5.594,5.476,5.351,5.221,5.087,4.952,4.819,4.688,4.562,4.442,4.328,4.221,4.118,4.018,3.922,3.827,3.734,3.641,3.547,3.449,3.347,3.239,3.128,3.013,2.898,2.785,2.677,2.575,2.482,2.398,2.322,2.253,2.189,2.13,2.078,2.031,1.991,1.958,1.931,1.909,NA
SMR,NA,NA,NA,NA,NA,NA,NA,NA,NA,NA,NA,NA,NA,NA,NA,NA,NA,NA,NA,NA,NA,NA,NA,NA,NA,NA,NA,NA,NA,NA,NA,NA,NA,NA,NA,NA,NA,NA,NA,NA,NA,NA,NA,NA,NA,NA,NA,NA,NA,NA,NA,NA,1.26,NA,NA,NA,NA
SOM,7.25,7.252,7.255,7.258,7.261,7.261,7.257,7.248,7.232,7.209,7.182,7.151,7.118,7.086,7.057,7.033,7.016,7.005,7,7.003,7.013,7.03,7.053,7.08,7.112,7.149,7.19,7.237,7.288,7.341,7.397,7.455,7.512,7.567,7.616,7.655,7.679,7.687,7.678,7.651,7.61,7.556,7.495,7.429,7.361,7.291,7.218,7.14,7.054,6.963,6.868,6.768,6.666,6.565,6.463,6.364,NA
SRB,NA,2.5,NA,NA,NA,NA,NA,NA,NA,NA,NA,2.3,NA,NA,NA,NA,NA,NA,NA,NA,NA,2.1,NA,NA,NA,NA,NA,NA,NA,NA,NA,1.8,NA,NA,NA,1.7,NA,1.6,NA,NA,1.48,1.58,1.57,1.59,1.57,1.45,1.43,1.38,1.4,1.44,1.4,1.4,1.45,1.43,1.46,1.46,NA
SSA,6.622000583,6.633827032,6.644034561,6.652706783,6.659582679,6.666002745,6.673228227,6.683032694,6.695746539,6.711197151,6.728281652,6.745916788,6.762692754,6.776435404,6.786381824,6.791707554,6.792311911,6.788570009,6.780795297,6.769354655,6.753849947,6.733946562,6.710149039,6.682878601,6.651741752,6.616320131,6.575775185,6.529515147,6.477514775,6.420109179,6.35854445,6.292382275,6.22641968,6.161580435,6.100288953,6.042664687,5.988747412,5.937723297,5.888809024,5.841456777,5.794376249,5.747740358,5.699696008,5.649216096,5.596696854,5.541545231,5.483778623,5.424701057,5.36506334,5.304559131,5.242847171,5.178805847,5.112985481,5.045184709,4.976171328,4.905838885,NA
SSD,6.721,6.733,6.747,6.763,6.781,6.8,6.819,6.838,6.855,6.869,6.881,6.892,6.903,6.912,6.92,6.924,6.922,6.913,6.897,6.874,6.85,6.829,6.813,6.806,6.806,6.81,6.816,6.816,6.808,6.789,6.761,6.726,6.686,6.644,6.601,6.554,6.503,6.444,6.377,6.303,6.223,6.139,6.054,5.969,5.885,5.803,5.721,5.638,5.552,5.465,5.376,5.286,5.197,5.108,5.022,4.937,NA
SSF,6.622000583,6.633827032,6.644034561,6.652706783,6.659582679,6.666002745,6.673228227,6.683032694,6.695746539,6.711197151,6.728281652,6.745916788,6.762692754,6.776435404,6.786381824,6.791707554,6.791934143,6.788570009,6.780795297,6.769354655,6.753849947,6.733946562,6.709633176,6.682878601,6.651741752,6.616320131,6.575775185,6.528972241,6.477514775,6.420109179,6.35854445,6.292382275,6.225913466,6.161580435,6.100288953,6.042664687,5.988747412,5.937164613,5.888245092,5.840897494,5.793835772,5.747195698,5.699158572,5.648711418,5.596199833,5.541093694,5.483329863,5.424293137,5.364677428,5.304206114,5.242469499,5.178493806,5.112690192,5.04490337,4.975894263,4.905574675,NA
SST,5.280143608,5.278050353,5.272891928,5.244194618,5.217556826,5.166938125,5.115935049,5.065312944,5.023044981,4.981359385,4.936793409,4.888018273,4.830900076,4.762977939,4.707226956,4.664771057,4.616550229,4.570073067,4.529399508,4.499881314,4.472317193,4.443193252,4.409415361,4.385183583,4.341557198,4.288420246,4.245449118,4.206308828,4.169516969,4.121015649,4.064756838,3.991915695,3.935020999,3.864628062,3.808371391,3.748049106,3.694134668,3.622790669,3.556487433,3.498334983,3.439847731,3.376066812,3.330472971,3.285665787,3.252655933,3.219047461,3.185492862,3.16091845,3.135456545,3.10979467,3.086363129,3.060183462,3.035221442,3.004177735,2.978073474,2.947358713,NA
STP,6.242,6.263,6.284,6.306,6.327,6.349,6.371,6.394,6.419,6.444,6.468,6.49,6.51,6.525,6.534,6.534,6.524,6.504,6.473,6.434,6.386,6.333,6.276,6.217,6.158,6.101,6.044,5.988,5.932,5.876,5.82,5.765,5.71,5.655,5.6,5.545,5.491,5.437,5.384,5.33,5.278,5.226,5.174,5.123,5.072,5.022,4.974,4.927,4.881,4.835,4.789,4.74,4.689,4.634,4.576,4.516,NA
SUR,6.608,6.594,6.558,6.497,6.412,6.304,6.182,6.053,5.922,5.79,5.653,5.504,5.336,5.148,4.945,4.734,4.525,4.331,4.158,4.011,3.891,3.797,3.719,3.653,3.593,3.537,3.483,3.432,3.382,3.332,3.282,3.231,3.181,3.131,3.083,3.035,2.987,2.941,2.896,2.853,2.81,2.769,2.73,2.692,2.655,2.619,2.586,2.553,2.523,2.493,2.465,2.438,2.411,2.386,2.36,2.336,NA
SVK,3.04,2.96,2.83,2.92,2.89,2.78,2.66,2.48,2.39,2.43,2.41,2.43,2.49,2.56,2.61,2.55,2.55,2.49,2.47,2.45,2.32,2.29,2.28,2.28,2.26,2.26,2.2,2.14,2.13,2.07,2.09,2.05,1.93,1.87,1.67,1.52,1.47,1.43,1.37,1.33,1.3,1.2,1.19,1.2,1.25,1.27,1.25,1.27,1.34,1.44,1.43,1.45,1.34,1.34,1.37,1.37,NA
SVN,2.341,2.333,2.327,2.32,2.312,2.301,2.287,2.272,2.258,2.243,2.231,2.22,2.213,2.207,2.202,2.195,2.183,2.166,2.14,2.106,2.064,2.016,1.93,1.81,1.74,1.71,1.67,1.65,1.63,1.52,1.46,1.42,1.33,1.33,1.32,1.29,1.28,1.25,1.23,1.21,1.26,1.21,1.21,1.2,1.25,1.26,1.31,1.38,1.53,1.53,1.57,1.56,1.58,1.55,1.58,1.58,NA
SWE,2.17,2.21,2.25,2.33,2.47,2.39,2.37,2.28,2.07,1.93,1.92,1.96,1.91,1.87,1.87,1.77,1.68,1.64,1.6,1.66,1.68,1.63,1.62,1.61,1.66,1.74,1.8,1.84,1.96,2.01,2.13,2.11,2.09,1.99,1.88,1.73,1.6,1.52,1.5,1.5,1.54,1.57,1.65,1.71,1.75,1.77,1.85,1.88,1.91,1.94,1.98,1.9,1.91,1.89,1.88,1.88,NA
SWZ,6.717,6.73,6.745,6.763,6.782,6.802,6.822,6.841,6.857,6.869,6.875,6.876,6.87,6.858,6.84,6.817,6.79,6.761,6.729,6.695,6.658,6.618,6.573,6.52,6.459,6.384,6.291,6.18,6.051,5.905,5.744,5.571,5.392,5.211,5.035,4.866,4.709,4.564,4.432,4.313,4.209,4.121,4.046,3.982,3.925,3.871,3.818,3.761,3.699,3.632,3.559,3.483,3.407,3.334,3.266,3.201,NA
SXM,NA,NA,NA,NA,NA,NA,NA,NA,NA,NA,NA,NA,NA,NA,NA,NA,NA,NA,NA,NA,NA,NA,NA,NA,NA,NA,NA,NA,NA,NA,NA,NA,2.03,NA,NA,NA,NA,NA,NA,NA,NA,1.95,NA,NA,NA,NA,NA,1.5,1.7,1.7,NA,2.03,NA,NA,NA,NA,NA
SYC,NA,NA,NA,NA,NA,NA,NA,NA,NA,NA,NA,NA,NA,NA,NA,NA,4.5,NA,NA,NA,NA,NA,3.5,NA,NA,NA,NA,3,NA,NA,NA,NA,2.696,NA,NA,NA,NA,2.1,2.04,2.04,2.08,1.98,2.04,2.1,2,2.2,2.1,2.24,2.3,2.4,2.1,2.4,2.4,2.4,2.3,2.3,NA
SYR,7.467,7.497,7.522,7.541,7.555,7.564,7.569,7.572,7.574,7.574,7.572,7.566,7.556,7.537,7.51,7.472,7.422,7.359,7.285,7.197,7.094,6.976,6.843,6.695,6.534,6.359,6.168,5.963,5.748,5.529,5.313,5.11,4.925,4.76,4.618,4.495,4.386,4.282,4.178,4.07,3.958,3.841,3.723,3.609,3.499,3.399,3.312,3.238,3.178,3.131,3.093,3.06,3.027,2.991,2.95,2.903,NA
TCA,NA,NA,NA,NA,NA,NA,NA,NA,NA,NA,NA,NA,NA,NA,NA,NA,NA,NA,NA,NA,NA,NA,NA,NA,NA,NA,NA,NA,NA,NA,NA,NA,NA,NA,NA,NA,NA,NA,NA,NA,NA,NA,NA,NA,NA,NA,NA,NA,NA,NA,NA,NA,NA,NA,NA,NA,NA
TCD,6.25,6.268,6.285,6.301,6.318,6.337,6.362,6.393,6.432,6.477,6.528,6.582,6.636,6.688,6.736,6.78,6.82,6.857,6.892,6.925,6.958,6.99,7.023,7.056,7.089,7.124,7.161,7.199,7.238,7.276,7.313,7.346,7.376,7.399,7.416,7.425,7.426,7.419,7.405,7.384,7.354,7.315,7.268,7.212,7.147,7.074,6.992,6.901,6.804,6.701,6.594,6.485,6.374,6.264,6.156,6.05,NA
TEA,5.843792764,5.955777226,6.069915008,6.173476938,6.253014048,6.295369395,6.287201701,6.228278208,6.117765272,5.955875379,5.743573179,5.482291852,5.184612077,4.866136445,4.540756709,4.225249234,3.932191993,3.670676826,3.446500349,3.265648179,3.132254209,3.047462861,3.001829822,2.982814255,2.98189273,2.983359698,2.971289059,2.938827623,2.879010978,2.791212915,2.675893536,2.541948442,2.39933983,2.261847983,2.135191273,2.027801603,1.940963851,1.875912522,1.830312053,1.801600586,1.78722964,1.784496443,1.786980579,1.792432231,1.79783652,1.800299602,1.802375712,1.802669014,1.80339452,1.804183068,1.805497336,1.807208188,1.80881809,1.810799973,1.813057432,1.814724957,NA
TEC,3.121323741,3.046110279,2.99257703,2.929896606,2.850478994,2.812137155,2.775044775,2.842524878,2.807373879,2.769745827,2.760412183,2.753676482,2.741670991,2.709768933,2.709447492,2.674051495,2.647365796,2.608821057,2.57698441,2.559522162,2.530263472,2.507426442,2.558698148,2.588952273,2.566214613,2.542100066,2.564920382,2.567733409,2.498356834,2.405205806,2.30276549,2.203366769,2.087741412,1.96522696,1.916237276,1.847090828,1.778093,1.712442148,1.674754491,1.617385988,1.612606952,1.599135987,1.620339591,1.626326238,1.656272496,1.6326537,1.661054578,1.725668634,1.796765867,1.806355792,1.803163044,1.791800973,1.839920038,1.845167488,1.879147648,1.88152649,NA
TGO,6.521,6.57,6.622,6.677,6.734,6.792,6.851,6.911,6.971,7.029,7.084,7.136,7.182,7.222,7.254,7.275,7.286,7.284,7.27,7.245,7.207,7.158,7.099,7.031,6.954,6.869,6.775,6.672,6.561,6.444,6.324,6.202,6.082,5.965,5.855,5.755,5.666,5.588,5.52,5.461,5.41,5.364,5.32,5.276,5.229,5.179,5.123,5.064,5.002,4.936,4.868,4.798,4.727,4.655,4.584,4.514,NA
THA,6.147,6.151,6.155,6.157,6.151,6.129,6.084,6.009,5.903,5.764,5.595,5.397,5.181,4.953,4.721,4.488,4.257,4.03,3.808,3.594,3.392,3.202,3.024,2.859,2.707,2.571,2.451,2.346,2.256,2.179,2.113,2.055,2.003,1.956,1.911,1.867,1.823,1.781,1.742,1.705,1.671,1.641,1.616,1.595,1.58,1.568,1.561,1.557,1.553,1.551,1.547,1.542,1.534,1.524,1.512,1.497,NA
TJK,6.235,6.266,6.308,6.365,6.433,6.513,6.602,6.693,6.775,6.841,6.878,6.87,6.814,6.713,6.572,6.402,6.22,6.043,5.887,5.759,5.663,5.601,5.561,5.533,5.51,5.486,5.453,5.408,5.347,5.27,5.175,5.067,4.95,4.83,4.709,4.588,4.465,4.34,4.214,4.089,3.969,3.857,3.756,3.669,3.597,3.543,3.51,3.495,3.493,3.502,3.514,3.523,3.525,3.514,3.49,3.454,NA
TKM,6.415,6.537,6.626,6.668,6.663,6.616,6.545,6.469,6.403,6.35,6.302,6.249,6.175,6.071,5.939,5.783,5.612,5.441,5.279,5.135,5.012,4.915,4.836,4.772,4.718,4.669,4.623,4.572,4.513,4.44,4.345,4.222,4.071,3.898,3.707,3.512,3.325,3.159,3.021,2.914,2.837,2.783,2.741,2.701,2.66,2.615,2.569,2.523,2.482,2.445,2.411,2.381,2.353,2.326,2.301,2.275,NA
TLA,6.046537157,6.037526242,6.014623982,5.974720689,5.919214017,5.848222529,5.764276816,5.672099673,5.575759363,5.476929952,5.377893541,5.277552057,5.176059335,5.072609785,4.967521414,4.861020533,4.752429615,4.643395419,4.532786002,4.421761614,4.310096714,4.198058782,4.085257099,3.973105222,3.862266802,3.753754326,3.647338612,3.544424114,3.445859888,3.351699468,3.262955357,3.180343456,3.104743626,3.035293238,2.971707605,2.913348141,2.859259096,2.80883382,2.760422013,2.712577255,2.66459688,2.614682934,2.563586703,2.511424659,2.458924453,2.407381332,2.359347747,2.314927106,2.276721476,2.243753975,2.215452876,2.19140482,2.169608565,2.14853476,2.127680957,2.106663724,NA
TLS,6.373,6.376,6.375,6.367,6.347,6.314,6.268,6.207,6.132,6.039,5.917,5.751,5.541,5.298,5.037,4.794,4.611,4.514,4.513,4.606,4.767,4.956,5.13,5.256,5.324,5.336,5.308,5.271,5.256,5.273,5.34,5.469,5.651,5.874,6.125,6.384,6.627,6.832,6.986,7.079,7.112,7.092,7.037,6.965,6.881,6.79,6.694,6.59,6.477,6.358,6.235,6.109,5.983,5.858,5.735,5.615,NA
TMN,6.916244401,6.933149202,6.945009423,6.949615494,6.944734487,6.928758934,6.89911173,6.857588247,6.806173577,6.745781578,6.680567988,6.613828651,6.550775192,6.493302432,6.44297108,6.401791881,6.36893296,6.341048463,6.313254054,6.281804476,6.242563467,6.192222923,6.127589277,6.047431477,5.948488856,5.828331307,5.682312252,5.51388949,5.326529879,5.123277381,4.909074936,4.689381582,4.468954739,4.25326129,4.047101411,3.854413961,3.675754136,3.513433165,3.367942613,3.240232576,3.131891119,3.041937747,2.968884792,2.911583638,2.868196208,2.839222596,2.827003173,2.827834243,2.839879912,2.857842998,2.876332412,2.88959272,2.893881822,2.887181635,2.868433862,2.838520345,NA
TON,7.363,7.346,7.302,7.226,7.117,6.974,6.795,6.59,6.371,6.15,5.941,5.761,5.616,5.512,5.449,5.426,5.438,5.471,5.509,5.541,5.553,5.532,5.475,5.385,5.266,5.128,4.989,4.864,4.763,4.691,4.644,4.612,4.583,4.547,4.501,4.447,4.391,4.34,4.3,4.27,4.25,4.236,4.221,4.202,4.177,4.144,4.104,4.059,4.012,3.963,3.913,3.864,3.815,3.768,3.722,3.678,NA
TSA,6.045699988,6.045306052,6.040937424,6.031951126,6.016821574,5.994971571,5.967227364,5.933201292,5.893480123,5.848298894,5.797637384,5.740462733,5.677063543,5.608102314,5.535462634,5.461196017,5.388994139,5.318850434,5.251898307,5.187741801,5.12560425,5.062100957,4.995384283,4.923452458,4.84626621,4.762809816,4.673050435,4.579108191,4.482930061,4.384969494,4.288274995,4.194025148,4.103253023,4.016124288,3.932828326,3.852361031,3.773529157,3.695593466,3.617811291,3.539946706,3.462181152,3.385608275,3.31032362,3.237149738,3.165865865,3.095530892,3.026278813,2.957763524,2.888907505,2.822908152,2.759512411,2.700985303,2.647533753,2.600646345,2.559251502,2.52266514,NA
TSS,6.622000583,6.633827032,6.644034561,6.652706783,6.659582679,6.666002745,6.673228227,6.683032694,6.695746539,6.711197151,6.728281652,6.745916788,6.762692754,6.776435404,6.786381824,6.791707554,6.791934143,6.788570009,6.780795297,6.769354655,6.753849947,6.733946562,6.709633176,6.682878601,6.651741752,6.616320131,6.575775185,6.528972241,6.477514775,6.420109179,6.35854445,6.292382275,6.225913466,6.161580435,6.100288953,6.042664687,5.988747412,5.937164613,5.888245092,5.840897494,5.793835772,5.747195698,5.699158572,5.648711418,5.596199833,5.541093694,5.483329863,5.424293137,5.364677428,5.304206114,5.242469499,5.178493806,5.112690192,5.04490337,4.975894263,4.905574675,NA
TTO,5.264,5.177,5.047,4.873,4.664,4.433,4.2,3.985,3.802,3.658,3.554,3.484,3.432,3.389,3.349,3.313,3.287,3.273,3.271,3.278,3.284,3.281,3.261,3.218,3.151,3.06,2.949,2.827,2.7,2.574,2.453,2.339,2.231,2.131,2.04,1.961,1.896,1.843,1.801,1.772,1.753,1.744,1.744,1.749,1.758,1.769,1.78,1.79,1.799,1.804,1.806,1.804,1.798,1.789,1.778,1.766,NA
TUN,6.942,6.97,6.993,7.009,7.015,7.008,6.984,6.942,6.881,6.802,6.705,6.591,6.465,6.33,6.189,6.042,5.89,5.733,5.572,5.408,5.243,5.078,4.915,4.752,4.59,4.425,4.252,4.07,3.878,3.678,3.476,3.276,3.085,2.907,2.747,2.606,2.485,2.379,2.287,2.208,2.142,2.089,2.049,2.021,2.004,1.998,2.003,2.018,2.042,2.07,2.098,2.122,2.138,2.146,2.144,2.132,NA
TUR,6.303,6.241,6.175,6.104,6.029,5.951,5.874,5.797,5.721,5.644,5.563,5.475,5.375,5.263,5.14,5.008,4.872,4.738,4.608,4.483,4.361,4.239,4.114,3.982,3.844,3.703,3.563,3.426,3.298,3.181,3.076,2.986,2.908,2.84,2.781,2.728,2.679,2.63,2.581,2.531,2.479,2.426,2.376,2.329,2.287,2.25,2.219,2.193,2.17,2.151,2.134,2.118,2.103,2.087,2.07,2.052,NA
TUV,NA,NA,NA,NA,NA,NA,NA,NA,NA,NA,NA,NA,NA,NA,NA,NA,NA,NA,NA,NA,NA,NA,NA,NA,NA,NA,NA,NA,NA,NA,NA,NA,NA,NA,NA,NA,NA,NA,NA,NA,NA,NA,NA,NA,NA,NA,NA,NA,NA,NA,NA,NA,NA,NA,NA,NA,NA
TZA,6.806,6.806,6.804,6.803,6.801,6.798,6.795,6.791,6.785,6.778,6.771,6.765,6.761,6.758,6.755,6.751,6.743,6.73,6.711,6.685,6.653,6.618,6.58,6.542,6.504,6.465,6.424,6.379,6.328,6.273,6.213,6.148,6.081,6.013,5.946,5.883,5.828,5.78,5.741,5.711,5.689,5.675,5.666,5.659,5.651,5.638,5.616,5.585,5.542,5.489,5.427,5.359,5.287,5.215,5.145,5.078,NA
UGA,6.999,7.019,7.04,7.06,7.078,7.094,7.106,7.113,7.117,7.118,7.115,7.111,7.107,7.103,7.1,7.099,7.099,7.099,7.099,7.1,7.1,7.101,7.101,7.102,7.103,7.103,7.103,7.102,7.1,7.097,7.091,7.082,7.071,7.057,7.039,7.018,6.994,6.967,6.937,6.903,6.865,6.822,6.772,6.716,6.653,6.583,6.507,6.424,6.337,6.247,6.154,6.059,5.964,5.869,5.775,5.682,NA
UKR,2.24,2.17,2.14,2.06,1.96,1.99,2.02,2.01,1.998,2.04,2.09,2.12,2.08,2.04,2.04,2.02,1.99,1.94,1.96,1.96,1.95,1.93,1.98,2.08,2.09,2.06,2.08,2.05,2.02,1.92,1.844,1.773,1.674,1.563,1.47,1.397,1.332,1.27,1.207,1.121,1.11,1.085,1.126,1.172,1.218,1.213,1.31,1.345,1.458,1.473,1.443,1.459,1.531,1.506,1.498,1.506,NA
UMC,5.317313665,5.371649091,5.461533672,5.527377038,5.571432549,5.590074617,5.571051674,5.539283528,5.443085709,5.305154941,5.136919357,4.919221515,4.703284168,4.454438758,4.208551665,3.962014018,3.735077406,3.531770005,3.354070769,3.210649913,3.101736046,3.029361547,3.002932881,2.988833533,2.981623162,2.97623586,2.968828932,2.939410682,2.873952158,2.781983446,2.665174405,2.53001772,2.393887575,2.260713533,2.151185118,2.051023215,1.970194818,1.906020278,1.862422284,1.826075724,1.80727713,1.796334577,1.792652359,1.790155131,1.789140591,1.780728778,1.777726139,1.780707364,1.785242534,1.785116301,1.785414295,1.785620757,1.793045978,1.793540469,1.797601418,1.796789489,NA
URY,2.88,2.886,2.884,2.874,2.858,2.841,2.83,2.831,2.844,2.869,2.902,2.938,2.969,2.989,2.995,2.983,2.953,2.907,2.852,2.789,2.726,2.666,2.615,2.574,2.546,2.53,2.524,2.524,2.525,2.525,2.52,2.509,2.49,2.465,2.435,2.4,2.363,2.327,2.294,2.266,2.242,2.222,2.205,2.189,2.174,2.158,2.142,2.126,2.11,2.094,2.078,2.063,2.048,2.033,2.02,2.007,NA
USA,3.654,3.62,3.461,3.319,3.19,2.913,2.721,2.558,2.464,2.456,2.48,2.266,2.01,1.879,1.835,1.774,1.738,1.79,1.76,1.808,1.8395,1.812,1.8275,1.799,1.8065,1.844,1.8375,1.872,1.934,2.014,2.081,2.0625,2.046,2.0195,2.0015,1.978,1.976,1.971,1.999,2.0075,2.056,2.0305,2.0205,2.0475,2.0515,2.057,2.108,2.12,2.072,2.002,1.931,1.8945,1.8805,1.8575,1.8625,1.843,NA
UZB,6.707,6.755,6.783,6.79,6.777,6.748,6.707,6.66,6.608,6.552,6.492,6.422,6.338,6.237,6.119,5.983,5.829,5.66,5.482,5.302,5.127,4.968,4.829,4.711,4.616,4.539,4.474,4.5,4.28,4.179,4.072,4.199,4.004,3.8,3.537,3.596,3.32,3.082,2.815,2.72,2.58,2.46,2.52,2.36,2.46,2.36,2.39,2.554,2.637,2.53,2.342,2.236,2.193,2.35,2.457,2.491,NA
VCT,7.224,7.155,7.074,6.981,6.876,6.76,6.632,6.494,6.345,6.185,6.014,5.828,5.629,5.417,5.197,4.973,4.752,4.54,4.339,4.154,3.985,3.832,3.692,3.561,3.439,3.328,3.23,3.144,3.072,3.01,2.956,2.907,2.86,2.811,2.76,2.703,2.641,2.576,2.509,2.442,2.379,2.321,2.271,2.229,2.196,2.17,2.149,2.131,2.112,2.092,2.07,2.046,2.021,1.997,1.974,1.952,NA
VEN,6.616,6.637,6.628,6.581,6.495,6.368,6.203,6.014,5.811,5.605,5.404,5.219,5.053,4.905,4.779,4.67,4.574,4.483,4.391,4.296,4.199,4.104,4.014,3.933,3.861,3.794,3.73,3.665,3.597,3.524,3.448,3.37,3.292,3.218,3.147,3.082,3.022,2.967,2.915,2.867,2.822,2.779,2.739,2.701,2.664,2.629,2.595,2.562,2.531,2.501,2.472,2.444,2.417,2.391,2.365,2.34,NA
VGB,NA,NA,NA,NA,NA,NA,NA,NA,NA,NA,NA,NA,NA,NA,NA,NA,NA,NA,NA,NA,NA,NA,NA,NA,NA,NA,NA,NA,NA,NA,NA,NA,NA,NA,NA,NA,NA,NA,NA,NA,NA,NA,NA,NA,NA,NA,NA,NA,NA,NA,NA,NA,NA,NA,NA,NA,NA
VIR,5.615,5.651,5.679,5.696,5.698,5.679,5.634,5.561,5.459,5.328,5.167,4.976,4.76,4.527,4.286,4.047,3.818,3.607,3.42,3.261,3.138,3.053,3,2.973,2.967,2.973,2.986,2.997,2.999,2.987,2.954,2.895,2.813,2.712,2.599,2.481,2.367,2.265,2.184,2.128,2.06,1.9,2.19,2.05,2.15,2.23,2.02,1.97,1.91,1.86,1.81,1.8,1.78,1.77,1.75,1.74,NA
VNM,6.348,6.392,6.425,6.448,6.464,6.475,6.485,6.493,6.494,6.487,6.465,6.421,6.35,6.251,6.125,5.973,5.8,5.614,5.423,5.232,5.046,4.865,4.691,4.521,4.359,4.205,4.062,3.929,3.802,3.68,3.553,3.415,3.26,3.089,2.904,2.714,2.529,2.359,2.213,2.096,2.01,1.954,1.92,1.901,1.894,1.894,1.901,1.911,1.923,1.935,1.946,1.953,1.957,1.96,1.961,1.96,NA
VUT,7.197,7.12,7.033,6.938,6.836,6.73,6.626,6.526,6.433,6.348,6.272,6.202,6.134,6.067,5.999,5.929,5.858,5.787,5.716,5.645,5.575,5.503,5.43,5.356,5.282,5.209,5.141,5.078,5.022,4.971,4.927,4.887,4.85,4.814,4.775,4.73,4.677,4.614,4.542,4.459,4.368,4.268,4.162,4.056,3.95,3.851,3.76,3.679,3.608,3.549,3.499,3.456,3.419,3.383,3.347,3.31,NA
WLD,4.984259816,5.007913404,5.030031153,5.050496725,5.061055447,5.04466082,4.995178043,4.978482688,4.927633446,4.860755496,4.78295125,4.675851005,4.547880963,4.419511027,4.297484525,4.165515825,4.047236516,3.944088393,3.8491718,3.779407813,3.719025494,3.66118822,3.631357743,3.598707468,3.568816832,3.543000285,3.509975401,3.469877483,3.418048924,3.350416172,3.278981328,3.190961499,3.103980513,3.014794942,2.940131164,2.868752118,2.810632037,2.75860317,2.720104142,2.684466705,2.661851974,2.633614027,2.61337935,2.597401881,2.583494385,2.56361594,2.554250507,2.545378537,2.534968702,2.516938358,2.502574774,2.48741481,2.479700042,2.466110035,2.460116324,2.451201262,NA
WSM,7.651,7.645,7.63,7.604,7.567,7.519,7.462,7.4,7.334,7.265,7.194,7.119,7.039,6.952,6.859,6.761,6.656,6.547,6.434,6.32,6.203,6.086,5.968,5.85,5.734,5.62,5.51,5.404,5.303,5.208,5.118,5.034,4.956,4.882,4.815,4.751,4.692,4.637,4.587,4.541,4.503,4.476,4.46,4.454,4.456,4.46,4.46,4.45,4.426,4.389,4.338,4.277,4.212,4.147,4.086,4.028,NA
XKX,NA,NA,NA,NA,NA,NA,NA,NA,NA,NA,NA,NA,NA,NA,NA,NA,NA,NA,NA,NA,NA,4.58,4.88,4.48,4.82,4.56,4.47,4.43,4.26,3.92,3.9,3.58,2.96,2.84,2.71,2.7,2.7,2.46,2.57,2.88,2.95,2.8,2.66,2.34,2.53,2.65,2.43,2.43,2.38,2.34,2.29,2.24,2.19,2.16,2.13,2.09,NA
YEM,7.38,7.405,7.437,7.475,7.519,7.566,7.611,7.654,7.694,7.732,7.774,7.826,7.894,7.98,8.081,8.193,8.311,8.427,8.532,8.622,8.697,8.756,8.804,8.84,8.864,8.873,8.865,8.838,8.789,8.714,8.607,8.459,8.27,8.045,7.792,7.521,7.248,6.986,6.744,6.527,6.335,6.164,6.002,5.842,5.68,5.515,5.347,5.18,5.016,4.856,4.703,4.556,4.416,4.284,4.16,4.043,NA
ZAF,6.173,6.144,6.103,6.049,5.984,5.911,5.836,5.765,5.7,5.643,5.591,5.539,5.482,5.415,5.338,5.251,5.159,5.064,4.969,4.877,4.786,4.695,4.602,4.504,4.402,4.293,4.177,4.052,3.923,3.791,3.658,3.53,3.408,3.296,3.196,3.11,3.04,2.983,2.937,2.899,2.866,2.834,2.801,2.763,2.721,2.675,2.627,2.58,2.538,2.5,2.467,2.438,2.412,2.387,2.363,2.339,NA
ZMB,7.018,7.071,7.127,7.184,7.24,7.292,7.338,7.376,7.405,7.425,7.437,7.442,7.445,7.444,7.441,7.431,7.412,7.381,7.335,7.277,7.209,7.133,7.055,6.978,6.904,6.834,6.767,6.701,6.634,6.568,6.502,6.439,6.38,6.325,6.276,6.233,6.196,6.165,6.139,6.116,6.097,6.08,6.064,6.048,6.028,6.001,5.963,5.911,5.847,5.772,5.687,5.599,5.511,5.429,5.353,5.284,NA
ZWE,7.158,7.215,7.267,7.311,7.347,7.373,7.391,7.403,7.411,7.415,7.417,7.419,7.42,7.417,7.41,7.395,7.369,7.33,7.273,7.196,7.095,6.967,6.811,6.633,6.435,6.223,6.004,5.784,5.569,5.365,5.176,5.001,4.84,4.69,4.553,4.431,4.326,4.237,4.165,4.108,4.065,4.036,4.018,4.008,4.005,4.006,4.012,4.022,4.034,4.044,4.048,4.039,4.016,3.977,3.923,3.856,NA
